Urdu,Roman Urdu
آباد,aabaad
آبرو,aabru
آپ,aap
آداب,aadaab
آدمی,aadmi
آدمیت,aadmiyyat
آرا,aaraa
آرام,aaraam
آرزو,aarzoo
از,aaz
اس,aas
آسان,aasaan
آسمان,aasmaan
آگ,aag
آنسو,aansoo
آواز,aawaaz
ابتداءً,ibtidaa
ابتر,abtar
اتحاد,ittihaad
اتفاق,ittifaaq
اٹک,atak
اثر,asar
اجازت,ijaazat
اجنبی,ajnabee
احتیاط,ihtiyaat
احساس,ihsaas
احسان,ihsaan
اخبار,akhbaar
اختیار,ikhtiyaar
ادا,adaa
ادراک,idraak
ادب,adib
عرض,arz
اساس,asaas
اسباب,asbaab
استاد,ustaad
اشتہار,ishtihaar
اصل,asl
اصلی,asli
اضطراب,iztiraab
افراط,ifraat
افسوس,afsos
اقبال,iqbaal
اقرار,iqraar
اکبر,akbar
اکثر,aksar
اگر,agar
ال,al
امانت,amaanat
امتیاز,imtiyaaz
امید,ummid
انتقام,intiqaam
انجام,anjaam
انجمن,anjuman
انسان,insaan
انکار,inkaar
اوقات,auqaat
باب,baab
بات,baat
بعد,baad
بادل,baadal
بارش,baarish
باریک,baareek
باز,baaz
بازار,baazaar
بازو,baazoo
بازی,baazi
باغ,baagh
باقی,baaqee
بام,baam
بانکا,baankaa
بحث,bahs
بخار,bukhaar
بخت,bakht
بدل,badal
برابر,baraabar
برداشت,bardaasht
برسات,barsaat
برکت,barkat
بزرگ,buzurg
بس,bas
بستر,bistar
بسیرا,baseraa
بشر,bashar
بغاوت,baghaawat
بغل,baghal
بنیاد,bunyaad
بہادر,bahaadur
بے ادب,be adab
بےچین,be chain
بے خبر,be khabar
بے داغ,be daagh
بے درد,be dard
بے رحم,be rahm
بے ریا,be riyaa
بے زبان,be zabaan
بے شرم,be sharm
بے صبر,be sabr
بے فکر,be fikr
بے کار,be kaar
بے وقوف,be waqoof
بیان,bayaan
بیزار,bezaar
بیمار,bimaar
پار,paar
پاس,paas
پاسبان,paas baan
پاک,pak
پاگل,paagal
پانی,paani
پرورش,parwarish
پریشان,pareshaan
پسند,pasand
پشیمان,pashemaan
پل,pal
پلک,palak
پیغام,paighaam
پیمان,paimaan
تاج,taj
تاریخ,taarikh
تاک,taak
تبدیل,tabdeel
تخت,takht
ترس,tars
ترکیب,tarkeeb
تصور,tasawwur
تقدیر,taqdeer
تکلیف,takleef
تمام,tamaam
تیر,teer
تیز,tez
ٹپکنا,tapaknaa
ٹکر,takkar
ٹوٹ,toot
ثابت,saabit
ثقافت,siqaafat
جادو,jaadu
جاگیر,jaagir
جاہل,jaahil
جدا,judaa
جدائی,judaaee
جستجو,justjoo
جسم,jism
جشن,jashn
جال,jal
جگر,jigar
جنت,jannat
جنگ,jang
جواب,jawaab
جوش,josh
جہاز,jahaaz
چادر,chaadar
چاقو,chaaqoo
چال,chaal
چراغ,charaagh
چمک,chamak
چند,chand
چیز,cheez
چین,chain
حاضر,haazir
حاکم,haakim
حال,haal
حالت,haalat
حرام,haraam
حساب,hisaab
حسین,haseen
حضرت,hazrat
حفاظت,hifaazat
حقیقت,haqeeqat
حکم,hukm
حکمت,hikmat
حیثیت,haiseeyat
خاص,khaas
خاک,khaak
خالص,khaalis
خام,khaam
خاموش,khaamosh
خاندان,khaandaan
خبر,khabar
خدا,khuda
خراب,kharaab
خشک,khushk
خنجر,khanjar
خواب,khwaab
خود,khood
خوش,khoosh
خون,khoon
خیال,khayaal
داد,daad
داستان,daastaan
داغ,daagh
دامن,daaman
دراز,daraaz
درد,dard
درس,dars
درست,durust
درشت,durusht
درمیان,darmiyan
دریا,darya
دستور,dastoor
دشمن,dushman
دشوار,dushwaar
دل,dil
دلبر,dilbar
دلچسپ,dil chasp
دلسوز,dil soz
دلفریب,dil fareb
دلکش,dil kash
دماغ,dimaagh
دنیا,dunyaa
دور,door
دوست,dost
دولت,daulat
دیوار,deewaar
ذاتی,zaati
ذکر,zikr
راز,raaz
سچا,raast
رحم,rahm
رخسار,rukhsaar
رسم,rasm
رفتار,raftaar
رفیق,rafeeq
رقیب,raqeeb
رنگ,rang
ریشم,resham
زبان,zabaan
زحمت,zahmat
زخم,zakhm
زکام,zukaam
زمین,zameen
زنجیر,zanjeer
زندگی,zindagi
ساحل,saahil
ساز,saaz
ساقی,saaqee
سال,saal
سامان,saamaan
سانس,saans
سحر,sahar
سخت,sakht
سر,sar
سزا,sazaa
سست,sust
سفارش,sifaarish
سفر,safar
سفید,safed
سوال,sawaal
سونا,soona
شاخ,shaakh
شاگرد,shaagird
شام,shaam
شامل,shaamil
شان,shaan
شہتیر,shaahtir
شبنم,shabnam
شراب,sharaab
شرافت,sharaafat
شرط,shart
شرم,sharm
شروع,shuroo
شیر,shir
شکار,shikaar
شکر,shukr
شکل,shakl
شمشیر,shamsher
شوخ,shokh
شوق,shauq
شہر,shahr
شہید,shaheed
شیخی,shekhi
صاف,saaf
صحبت,suhbat
صدر,sadr
ضابط,zaabit
حواله,zaamin
ضرب,zarb
ضرور,zaroor
ضرورت,zaroorat
ضمانت,zamaanat
ضمیر,zameer
طاقت,taaqat
طرف,taraf
تان,tan
طلب,talab
طوفان,toofaan
ظالم,zaalim
ظلم,zulm
عاجز,aajiz
عادت,aadat
عادل,aadil
عاقبت,aaqibat
عالم,aalam
علم,aalim
عبارت,ibaarat
عجب,ajab
عجیب,ajeeb
عدالت,adaalat
عذاب,azaab
عزت,izzat
عزیز,azeez
عظیم,azeem
آلت,illat
امر,umr
عوام,awaam
عورت,aurat
عیاش,aiyaash
غبار,ghubaar
غدّار,ghaddaar
غرض,gharaz
غرور,ghuroor
غریب,gharib
غزل,ghazal
غفلت,ghaflat
غلط,ghalat
غلیظ,ghaleez
غیر,ghair
فاضل,faazil
فرض,farz
فرق,farq
فرمان,farmaan
فریاد,faryaad
فریب,fareb
فضا,faza
فطرت,fitrat
فکر,fikr
فوج,fauj
فہم,fahm
قابل,qaabil
قاتل,qaatil
قانون,qaanoon
قبر,qabr
قبول,qubool
قتل,qatl
قدم,qadam
قربان,qurbaan
قریب,qareeb
داغنے کا لوها,qasam
قسمت,qismat
قوم,qaum
قید,qaid
قیمت,qeemat
مہم,kaar
کارواں,kaarwaan
کاغذ,kaaghaz
کافر,kaafir
کافی,kaafi
کام,kaam
کامران,kaamraan
کبوتر,kabootar
کتاب,kitaab
کثرت,kasrat
کرم,karam
کشتی,kashti
کشش,kashish
کفر,kufr
کل,kul
کمزور,kamzor
کمال,kamaal
بو,kamaan
کمر,kamar
کمی,kamee
کوشش,koshish
کیف,kaif
کیفیت,kaifiyyat
گراں,giraan
گردش,gardish
گرفتار,giriftaar
گرم,garm
گفتگو,guftgoo
گل,gul
غائب,gum
گمنام,gum naam
گمان,gumaan
گوارا,gawaaraa
گانے والی,goyaa
لغت,lughat
لفظ,lafz
لیاقت,liyaaqat
ماحول,maa haul
ماتم,maatam
مال,maal
مالک,maalik
مایوس,maayoos
مجرم,mujrim
مجروح,majrooh
محافظ,muhaafiz
محبت,mahabbat
محتاج,muhtaj
محجوب,mahjoob
محدود,mahdood
محفل,mahfil
محفوظ,mahfooz
مختصر,mukhtasar
مخمل,makhmal
مدد,madad
مرد,mard
مریض,mareez
مزاج,mizaaj
مسافر,musaafir
مشکل,mushkil
مشہور,mashhoor
مصیبت,museebat
مضبوط,mazboot
مطلب,matlab
مغرور,maghroor
مفت,muft
مفلس,muflis
مفید,mufeed
مقابل,muqaabil
مقام,maqaam
مقدّم,muqaddam
مقرر,muqarrar
مقصد,maqsad
مکار,makkaar
مکان,makaan
ملک,mulk
ممتاز,mumtaaz
ممکن,mumkin
مناسب,munaasib
منزل,manzil
منظر,manzar
منظور,manzoor
موت,maut
موجود,maujood
موسم,mausam
موقع,mauqa
موم,mom
مہاجر,muhaajir
مہمان,mihmaan
میدان,maidaan
ناتمام,naa tamaam
نافرمان,naa farmaan
ناکام,naa kaam
نا ممکن,naa mumkin
ناچ,naach
ناخن,naakhun
نازک,naazuk
ناک,naak
نالش,naalish
نام,naam
نرم,narm
نزاکت,nazaakat
نزدیک,nazdeek
نسبت,nisbat
نشان,nishaan
نصیحت,naseehat
نظام,nizaam
نقش,naqsh
نقصان,nuqsaan
نقل,naql
نماز,namaaz
نو,nau
نم,nim
واحد,waahid
واردات,waaridaat
وجود,wujood
وزن,wazn
وضاحت,wazaahat
وفا,wafaa
وقت,waqt
وکیل,wakeel
ویران,weeraan
ویرانی,weeraani
یا,yaa
یادگار,yaad gaar
یاقوت,yaaqoot
یتیم,yateem
ٹيرن,turn
جوﻻٔي,july
انفو,info
چیکو,chekoo5
ون,one
پڑے,pare
پول,pol
نونی,none
کرتی,krti
کیجیے,kejye
روپا,roopa
الليرنگ,alluring
قبض,qbz
مررید,married
سادگی,saadgimeri
بھنگ,bhang
میں,main
١٠٠٠,1000
نھیں,nahi
لاسٹنگ,lasting
فلوير,flower
جیب,jaib
شکست,shikast
نگری,nagri
سہیل,sohail
ریبل,rebel
مطالعہ,mutala
رنجش,ranjish
جیتنے,jety
گوریلا,goreela786ali
باہر,bahir
پيوپل,people
پکایا,pakaya
بھٹکنے,bhataknay
اٹھیں,uthen
بوجھ,bojh
سانی,sani
سیا,saya
اصول,asool
مہتاب,mhtab
ٹھنڈا,thanda
لگنا,lagna
لڑنے,lrny
کتابوں,kitabon
جيسٹس,justice
مارتے,marty
کمانڈ,command
رکھتی,rakhti
اکیلے,akele
رابی,rabi
یر,yr
دتا,dita
ریجیکٹ,reject
چاغی,chaghi1islamabd
ه,hyye
لوہے,lohe
امجد,amjid
رکهتے,rakhte
رانجھے,ranjhay
بیٹری,bettary
ٹوڈے,today
سری,sari
مسالا,masala
تنہا,tanha
سانڈے,sunday
الینا,alin8
ہاته,hath
حضرات,hzrat
بابا,baba
طنز,tanz
پيٹرول,petrol
وابسطہ,wabasta
سادے,side
لمحوں,lamhon
مورگن,morgunmeri
تصو,taso
ابسنس,absence
۱,1
بھر,bhar
نیکی,neki
یاران,yaraan
دلاتا,dlata
سردار,srdar
پکڑنے,pkrnay
بیچارے,bichare
پاگلوں,paglon
لینا,lena
انڈر,undrwere
رومںٹک,romantic
ڈانٹ,dant
یزید,yazeed
وپپريسون,oppression
کپڑوں,kapro
هال,hal
آصف,asif
ٹیم,team
دورانی,duarani
سمجھو,smjho
دوبارہ,dobara
چیزوں,chezon
کہو,kaho
مسکرا,muskra
حیا,haya
گلوبل,global
ریما,rema
بیٹھو,betho
کھاتے,khaty
کتا,kuta
میمن,memon
بیٹه,baith
تو,to
توڑنا,torna
ہوگئی,hogi
باهر,bahar
بچپن,bachpan
ٹھنڈی,thandi
بجتی,bajti
خوا,khwa
کوالٹي,quality
انسورريکٹ,incorrect
برتن,brtan
مسکت,mscit
ملو,milo
دعوا,dawaa
دروازے,drwazay
پلے,playboy
خمینی,khumaini
يسيفيل,useful
خوابوں,khwabon
کونفرم,confirm
جولائی,july
ممبر,membr
بہنا,behna
عام,aam
گرمی,garmi
سٹورم,storm
لوٹو,loto
کرسی,kursi
انڈو,ando
ورڈ,wrd
بولیں,bolen
پکانے,pakaane
اپکو,apko
ورگنال,original
جھٹ,jhot
انتظام,intazam
بھای,bhai
سیکھے,sekhy
قاسم,qasim
واٹر,water
چو,choo
ونگ,wang
نوشی,noshee
غمگین,ghamgeen
جانتے,jante
آوٹ,out
ہسبنڈ,husband
ان,un
کاش,kash
پھیلی,paheli
کیللر,killer
ٹیلی,telenor
اکیلی,akeli
دکھایا,dukhaya
ساره,sara
ٹابل,table
گجرانوالا,gujranwala
لاٹر,later
مزدور,mazdoor
اڑی,ari
ملتے,milte
شد,shid
اسے,usay
آخر,akhir
جذبات,jazbat
چوہدری,ch
مربی,mrb
آہن,aahn
برفی,barfee
بتانا,btana
زیوس,zeus
رھا,raha
گیاہ,gaya
آلات,aalaat
دہلیز,dehleez
يير,year
پنگا,panga
اوبیڈی,e
نیو,new
چیک,chek
کوکا,coca
سڑکوں,sarkon
سنڈے,sunday
شخص,shakhs
وکيپي,occupy
بدی,budai
کیٹی,kiti
ہنسا,hansa
معلوم,maloom
گری,giri
سیریل,seriali
پنجاب,punjab
لاذي,lazy
عزتی,bazti
گڑھی,garhi
تسی,tusi
توں,tu
٢٨,28
ذيرو,zero
سنبھال,sanbhal
بحرانی,behrani
لکیریں,lakeerain
نپال,nepal
ہاں,han
انوگف,enough
نوٹس,notice
٣٠٠,300
سنار,sinar
16,16
مردوں,mardon
بیٹی,beti
ساجن,sajan
ہارٹ,heart
نيمبير,number
بیت,beet
کمار,kumar
اٹھایا,uthaya
نیلم,neelam
مارکیٹ,market
ٹونگيي,tongue
روزانہ,rozana
ممبرز,membrz
پڑھنے,parhne
کما,kamaw
بیٹے,bety
اکسيس,access
بیوٹی,beauty
ستا,sta
پختون,pukhtoonkhva
وہے,wahey
یارر,yar
پڑتی,parti
لوھا,loha
باتھ,bath
ادھو,adhora
بیکار,bekar
ماؤں,maaon
ہبہ,hbh
وو,wo
دیکھو,dekho
هونے,hone
یاد,yad
لطف,lutf
زبانی,zubani
بجلی,bijli
انکليڈي,include
سا,sa
گانے,gane
احوال,ahwal
پکانا,pakana
تازی,tazi
کہنے,kehne
ممبروں,membro
رید,reed
حرا,hira
رکھو,rakho
نہر,nehr
بریانی,baryani
جایا,jaya
نادانی,nadani
هوتا,hota
کھلے,khuley
کوٹ,kot
ساں,san
مینس,means
اليرٹ,alert
چٹنی,chatni
ہجوم,hajoomedostan
1,1
دروغ,darogh
شیعہ,sheya
اللاه,allah
خاکی,khake
لیفٹ,lift
عمران,imran
بھری,bhari
تلاش,talash
بت,bt
انتھ,an
ھوا,hua
حاصل,hasil
بوڈی,body
لکھیں,likhen
ہان,han
واجب,wajib
فیصل,faisal
شانت,shanti
واپڈا,wapda
کب,kb
سہا,sahara
ہمدرد,humdard
مارري,marry
نظارے,nazarechopal
روبرو,rubaro
آسودگی,aasoodgi
گنے,gine
اداس,udas
تاکہ,ta
ناواقف,nawaqif
ھاتھ,hath
راس,ras
ريميمبير,remember
دادی,dadi
کومپلٹ,complete
غیروں,ghairon
نکلے,nikle
مرسی,mercy7halka
ہاتے,hate
پٹھانوں,pathano
١٠,10
کفایت,kafiyat
ہی,hi
چوزہ,choza
لیڈی,ledy
ملیں,milenge
چاہتے,chahte
رہتا,rehta
ریکوسٹ,request
ميمون,memon
گرین,green
آرہی,a
فور,for
محمّد,m
سی,c
آپس,aps
کیو,q
جناب,janab
ٹھہرو,thehro
علان,ilaan
ذی,zy
جینی,jenai
وعدہ,wada
ردا,rida
اٹھا,utha
وسلام,wasalam
حجرے,hujre
چاند,chand
ستوں,ston
بے,be
فري,free
طرار,traz
صرف,sirf
دھونی,dhoni
ببلی,bubli
چارم,charming
۱۹۹۹,1999
کہن,khan
آنچ,aanch
حسب,hasb
گريف,grief
کھیلی,kheli
ذيل,zeal
تاڑ,taar
سومرا,somra
کينٹري,country
اپن,apun
تھرٹي,thirty
١٤,14
فارغ,farag
پیس,peace
ٹریٹ,treat
سینگ,seng
سلینتھ,silent
لونگی,loun
ونڈو,window
شھد,shahd
ربیکا,rabica
وہیلر,whealr
کوپی,copy
٧,7
انڈیا,india
ویل,wel
دفع,dafa
قبولیت,qaboliat
وادي,wadi
راحت,rahat
رپورٹ,report
حدیثِ,hadees
مزاحیہ,mzahya
شون,shown
سینے,sene
شریف,shareef
عدنان,adnan
تمھاری,tmhari
زیل,zeal
شي,she
پریشانی,pryshani
انو,suno
شادابی,shadabitumhein
مینے,mene
بڑی,bari
کپڑے,kapre
ہما,huma
دونٹ,dont
ر,r
شادی,shadi
چوریاں,choriyan
سٹانڈ,stand
انیس,anis
سالی,sali
ٹوٹا,tota
30,30
ساما,saima
دوزخی,dozkhi
حوٹ,hot
عباس,abass
لیتے,letay
سونیا,sonia
جتنے,jitne
بجھا,bujha
فاحيم,faheem
گانا,gana
روتا,rota
بتایا,btaya
آس,aas
سٹين,stain
گرلس,girls
اسکا,uska
منٹ,mint
طاہر,tahir
انجيسٹس,injustice
نفرتوں,nafratonka
گیٹ,getsensiblehi
آیا,aya
مہندی,mehndi
پہنچ,pohanch
رهی,rhi
ميرے,mere
فاملي,family
جے,j
نیچے,nechy
بوڑھی,borhi
منيٹي,minute
بین,behn
گہری,gehri
بال,bal
دانت,dant
سنسیر,sincere
کرٹين,curtain
دونوں,dono
سمجھایا,samjhaya
هے,hai
شہرت,shuhrat
مات,maat
جوي,joy
دیکھتے,dekhte
بجانا,bjana
آبی,aabi
افغانستان,afghanistan
ہونا,hona
پسی,pseibbpu
بیہودہ,behoda
والسلام,w
گوم,gum
نان,nan
کھا,kha
عمل,amal
کھڑا,khara
آں,aan
ازاں,azaan
جذب,jazb
اٹھتے,uthte
ٹانگیں,tangy
پھولوں,phoolon
ویسے,wese
پڑھاتا,parhata
بورن,born2love
کڑیاں,kuriyan
پاکستانی,pakistani
جتنا,jitna
پوانٹ,point
لال,laal
ستاروں,sitaron
بدنصیب,badnasib
تھنگ,thing
سرکار,sarkar
خو,khu
پينچ,punch
مانند,maanind
ڈرنا,drna
خیالوں,khayalon
شو,shoo
کروٹ,krwat
مانگا,manga
راب,rab
کري,cry
بوبی,boby786
ہنی,honey
بنک,bunk
برو,bro
حيرڈ,heard
اسم,asim
پرانا,purana
سييڈ,syed
ریپلاے,reply
حو,ho
گجرات,gujraat
شدید,shadeed
جاتا,jata
سکتی,sakti
بیا,bia
ح,happy
انکنون,unknown
اظہار,izhaar
جاننا,janna
جانے,jane
وار,waar
موہ,mo
نیٹورک,network
بھیجا,bheja
لؤڈ,load
بیٹا,beta
کہانی,kahani
تمہارے,tumhary
سیند,send
آنی,ani
آونگا,aaoonga
یکی,yaki
چا,cha
سہارا,sahara
ہرٹ,hurt
نعش,nasha
ادھورے,adhore
پاتی,pati
پهر,phr
دھمال,dhammal
نها,naha
بابر,baber
ستاس,stas
آدھی,adhi
کرنا,krna
چلا,chala
شباب,shabab
دوزخ,dozakh
کاندهار,kandhar
ہیروز,heroz
غار,ghar
بولنے,bolne
مارنے,marne
فنڈ,find
کالا,kala
حالات,halaat
لیتی,leti
وکٹوں,wicto
خلوص,khaloos
شارق,shariq
روکی,roki
آجاتا,ajata
سان,saani
غور,ghour
محبوب,maheboob
بیچتا,bechta
لڑکی,larki
بیٹھے,bethe
سیکھ,seekh
سخی,sakhi
دھوپ,dhoop
مورخہ,morkha
پرندے,parinde
دیکھوں,dekhun
دیرا,dera
تمکو,tumko
بروتھر,brother
دکھا,dikha
عزاب,azab
گزرا,guzra
اڑتے,6urte
لگاو,lagao
پیو,pio
زنگو,zingoo
با,ba
گھوڑا,ghora
باطل,batil
مٹھا,mutha
روح,rooh
بننا,banna
پڑھی,parhi
ڈرٹی,durtyguy345
را,raat
ٹھوکر,thokar
ہزار,hazar
نالی,naali
یہیں,yhi
حبیب,habibjaan
جوف,jauf
ظاہر,zahir
ہیلتھ,health1
تين,teen
واٹ,wat
دھم,dhammal
سٹارز,starz
گرمیوں,garmiyon
پیاسا,pyasa
تفری,tafre
چاہتی,chahti
موہر,mohar
چاہوگے,chahoge
حي,he
مونڈے,monday
سہی,sahi
سکھا,sikha
فہیم,fahim
صفدر,safdr
سلطان,sultan
عارضی,aarzi
سورج,suraj
گیت,geet
سودا,soda
وضاحتیں,wazahteinkesi
انٹری,entery
مونا,muna
کھاکر,khakar
رول,rule
اہم,ahem
چنو,chuno
دیو,daiyo
تارے,tare
اڑ,urr
دورہ,dora
چلیں,chlen
پاسٹ,past
انے,aane
جيلي,july
مہنگائی,mehngai
مخالفت,mukhalfat
کرکيٹ,cricket
ینجوے,enjoy
ريپورٹ,report
پشت,pusht
گنتی,ginty
اردو,urdu
تھن,thin
طالب,talib
ھوگا,hoga
کراچی,karachi
فاروق,farooq
مولا,mola
وین,whenevr
پرنٹ,print
خلاد,khiladi
کرو,kro
چوک,chocklate
گولیاں,goliyan
فورس,force
انگ,ang
حمو,humor
اسلی,isly
سب,sb
آفٹر,aftr
ييل,yell
يٹس,etc
سول,soulzy
گاوں,gaaon
نکلنا,nklne
تیاری,tayari
ہاہا,hahahahahaha
مورنگ,morning
بزم,bazm
اپپيرانس,appearance
گالی,gali
گوسٹ,ghost
جدو,jado
ٹانگوں,tango
کیا,kya
ڈھلی,dhali
امام,imam
جنهوں,jinho
ارین,aryan
وہی,wohi
فيرنٹير,furniture
ونلي,only
آب,ab
پرسونل,personal
نگاہیں,nigahein
سمیٹ,samait
اٹھے,uthe
گلیوں,galyon
کہی,kahi
ملنا,milna
کهانا,khana
سہیلی,sahilli
بھی,b
گرانڈ,grand
براڈکاسٹ,broadcast
نگاہ,nigah
الان,elan
کہا,kaha
غير,ghair
حوالے,hawale
سوتے,soty
توڑنے,torny
فيسال,faisal
هيں,hain
شانہ,shana
سکون,sukun
کامیاب,kaamyab
نٹ,nt
چوری,chori
تیل,tel
بوکس,books4
فلور,floor
ملاتے,milatay
ہوش,hushe
دیکھنے,dekhny
ارضی,arzi
جون,jaaun
بوجھل,bojhal
غلام,gulam
کنارا,kinara
لاس,laso
خادم,khadim
پیا,pia
لامپ,lamp
اتنا,itna
جھوٹے,jhote
الوايز,always
موٹر,motor
کشمیر,kashmir
سچح,such
چاول,chawal
بورنگ,borng
آزاد,azad
حورسي,horse
بھاگ,bhag
٤٢,42
مروا,marwa
ادھ,adhi
انگور,angoor
رانی,rani
6,6
ڈففيرينٹ,different
بناتی,bnati
امیر,ameer
ڈیو,dew
عکس,aks
نادان,nadan
پیتے,peety
ڈیڈ,deadmen
چراغوں,charaghoon
صحیح,sahi
پیاسے,piyase
چڑھ,charh
پروفسثور,professor
گزاری,guzari
جمی,jmi
ڈيپ,deep
مارا,mara
پک,pk
جنون,junoon
مبارک,mubarik
ناشتے,nashta
گزرنا,guzrna
دیا,dia
جنکی,jinki
کرتاتھا,krta
واجد,wajid
نا,na
فورا,fauran
قبرستان,qabristan
لاہوری,lahoriye
چاشنی,chashni
ہیںک,he
ناظم,nazim
لگو,lago
حوٹيل,hotel
الزام,ilzaam
دینی,deni
سرگوشیاں,sargoshiyanteri
کہاوت,kahawat
گزار,guzar
کاروبار,karobar
واں,wan
محفلوں,mehfilon
ہے,hai
گوبھی,gobhi
کاٹتے,katte
کؤ,ko
پروفائل,profile
زرا,zara
۹,9
کیہں,q
امان,eman
شورو,shuru
ڈرو,daro
سلامت,salamat
سمیع,sami
نیٹ,net
پروا,parwa
انھیں,unhain
پھول,phool
نظروں,nzaron
دہشت,dehshat
ناراضگی,narazgi
پھیپھڑوں,phephron
سارے,sare
پڑوسی,parosi
سبھی,sabhi
بيٹ,beat
استقبال,istiqbal
خیر,khair
واقع,waqi
بولتی,bolti
مارچ,march
کھائی,khe
کنو,know
وضو,wazu
کافي,kafee
یوں,yun
اختر,akhtar
اچانک,achank
ڈيتھ,death
جمہوریت,jamhuriyat
ميٹ,meet
سمپل,semple
آیت,aayat
آپکی,apki
مرغا,murgha
اسنے,usne
وا,wa
چیا,cheyia
امت,umat
سوغات,soghat
رج,rj
هیل,hell
غموں,ghamon
ڈوبتے,doobte
کو,ko
رکھ,rakh
آم,aam
ہاشمی,hashmi
سید,syd
بانٹ,bant
پہچانتا,pehchanta
دھول,dhool
يوار,your
رات,raat
نیند,neend
جانياري,january
ضروریات,zaroriat
تقاضوں,taqazoon
ذیشان,zeshan
پاتھ,path
شپ,shap
ميحامميڈ,muhammed
آتا,ata
رضا,raza
ھوں,hon
٦,6
ایسی,aisi
سینما,cinema
اصغر,asghar
انتہا,inteha
کہیں,kahin
منیب,munibe
رم,rm
گزرتی,guzarti
نایاب,nayab
بول,bol
رومی,romi
ستان,satana
رشک,rashk
چاہیے,chahiye
پاؤں,paon
احمر,ahmar
فرد,frd
دھوتے,dhote
فرہاد,farhad0786
پیسوں,paiso
پیچھے,peche
کاشف,kashif
خلیفہ,khalifa
حارس,haris
ثوبیہ,sobia
انتقال,inteqal
پڑا,para
اباد,aabad
شرمیلا,shrmila
بیچاری,bechari
منع,mana
وهاں,wahan
پے,pe
سلمان,salman
اف,uff
احباب,ehbaab
رومو,rom0
زی,z
جيسٹ,just
تماشا,tamasha
زویہ,zoya
بیبی,bibi
لاگو,lagao
پنک,punkxx
مجید,majeed
ریو,riohfz
ہاے,hi
انلاوفيل,unlawful
گاز,gaze
جوانی,jawani
نکالی,nikali
راه,rah
لباس,libas
ڈريکٹ,direct
معصوم,masoom
اشيس,ashes
کہتا,kehta
کردیں,karden
انڈین,indians
نجومی,najumi
اپارٹ,apart
یہاں,yahan
انفڈيل,infidel
بیچینی,bechaini
ہنستا,hansta
دکھی,dakhi
لیا,lia
رھے,rahe
ميرا,mera
گھوڑ,ghor
اطلاع,itla
صفحوں,safhon
ہلاک,halak
متا,mata
آوں,aaon
چوس,choos
گے,gay
دوڑ,dor
اعتبار,aitbaar
ویت,sweetpari22
جاتی,jati
کترینا,katrina
سوچتا,sochta
لایف,life
ستاتی,stati
موتھ,mother
ہائے,hi
حيللو,hello
جاونگا,jaaongajo
ہارا,haara
احسن,ahsan
پوری,puri
بتاتا,btata
حرف,hurf
دنو,dino
لکھتا,likhta
جھک,jhuk
سند,send
لازم,lazim
کھایا,khaya
گولی,goli
نی,nai
ٹھہرا,thehra
ڈو,do
بھوت,bhot
ساس,saas
هوپ,hope
جعفری,jafri
جویریہ,jaweria
مومی,momigulzindagi
رسوا,ruswa
دنوں,dino
کروانا,krwana
رکا,ruka
خریدار,kharidaar
ضعیف,zaeef
مقابلے,muqably
انجواے,enjoy
تبھی,tabhi
بوند,boond
جیسوں,jaiso
گستاخ,gustaakh
وش,wish
سوہنی,sohni
پان,pan
نيچے,nechay
نشین,nasheen
مارو,maro
گلا,gila
بيسٹ,best
پهلا,phela
نيا,naya
میرے,mere
جور,jor
دینے,dene
شفیق,shafiqahmad
کنگ,king
شاخوں,shakhoon
نشاں,nshan
زات,zaat
جوان,jawan
تباہ,tabah
لپٹی,lipti
موجوں,mauj0on
ضروری,zaroori
تعمير,tameer
ددے,dude
کہوں,kahon
سکي,sky
چين,hychain
ياحيا,yahya
تجارت,tijarat
اشاميڈ,ashamed
٨,8
مونيي,money
اجاڑ,ujar
سٹون,ston
بهے,b
اجڑے,ujre
نوسي,noise
بچوں,bachon
دیاہے,dia
سف,sfjan2
سہتا,sehta
سنا,suna
کیے,ky
کونٹراري,contrary
چیرمین,chairman
لاؤ,lao
يمار,umar
نہانے,nahi
دار,der
دوسرے,dosry
ظہبی,zahbi
ابی,abi
ماد,maad
اجر,ajar
صورتحال,soratehal
سالے,saly
بتاتی,btati
کريں,kren
دیتے,dete
پہلے,pehle
تھوڑا,thora
برے,burey
شاید,shayad
بلوک,block11
لینی,leni
ت,t
افواہ,afwa
مے,me
سلو,slow
آجاؤ,ajao
تہارے,tahare
بولوں,bolo
٠٠,0
حافظ,hafiz
يس,us
بندے,bande
تعریفیں,tarefen
پہچانتے,pehchantay
بلوچ,baloch
وقار,waqar
بیگم,begum
مٹا,mita
شازیہ,shazia
فقیروں,faqiron
مانتا,manta
بجے,bje
ٹورس,tauras
ارشاد,arshad
ٹھکراتے,thukrate
بہروز,behroz
ہوگی,hogi
پڑنا,prna
سيد,syed
مچھ,much
بويفرينڈ,boyfriend
سو,so
مفہوم,mafhoom
بریک,breakup
گود,godh
هي,hykabi
ٹارگٹ,target
کراذي,crazy
فول,fool
خبری,khabrii
سنانا,sunana
آہو,aaho
اللہ,allah
حير,hear
انٹريسٹ,interest
ریفرنس,refrence
عبدل,abdul
کروائی,krwai
شکوے,shikway
ترمیم,tarmeem
١٨,18
جگنو,jugno
نسلیں,naslain
آسا,aasan
جکا,juka
میری,meri
فیملی,femly
سنہری,sunehri
اتا,ata
مہراب,mehrabpur
چوما,chuma
اچھا,acha
واپس,wapis
ہونی,honey
الٹا,ulta
لالہ,lala
بسانا,basana
زین,zain
هیر,here
سپیڈ,speed
لیتا,leta
5,5
انشاء,insha
پھیلانا,phelana
مو,mobile
آسیب,aasaib
انٹرسٹد,interested
باتيں,baatein
کن,kn
فقروں,faqiron
گھس,ghus
وہاں,wahan
غافل,ghafil
کراؤ,karao
کہتی,kahti
لالی,lali
سوگ,sog
ٹھیک,thek
حیدرآباد,hyd
نوس,news
ٹييسڈے,tuesday
انڈا,anda
الونرائیڈر,alone
آنس,ans
قوین,queen
کھلی,kholi
تھرسٹ,thirst
لوڈ,load
پہنانا,pehnana
نوٹ,not
مشتاق,mushtaq
تصوير,tasweer
رنگوں,rangon
عبدللہ,abdullah
پنج,panjtani
برف,barf
الجھنوں,uljhano
تسلیم,tasleem
فصیح,faseeh
بخشی,bakhshi
وبٹين,obtain
بتاوں,btaon
بیچنے,bechny
فونز,funz
کي,keke
فون,ufone
ہستیاں,hastiyan
تیار,tayar
ہارنے,harnay
تمھارے,tmhary
ملتان,multan
کھلتے,khiltay
کھو,kho
بنتا,banta
جیسا,jaisa
حواس,hawas
سونگ,song
هاے,hi
ارض,arz
گول,gol
طبعیت,tbiyt
اسکو,usko
بہاروں,bahaaron
باربی,barbie
دوٹ,idot
دوسرا,doosra
قصور,kasor
ڈھونڈا,dhoonda
ہیٹ,het
آٹا,atawo
دکھانے,dikhane
ماضی,maazi
چوڑیاں,chore
چانس,chance
رکھنا,rakhna
ٹين,ten
عیدین,aridian
ورٹھ,worthless
تم,tm
کھلتا,khilta
راذا,raza
انداز,andaz
سمرتی,smarty
لمبی,lambi
رضوان,rizwan
لگی,lagi
نینی,niny
پشتون,pashtoonpa
سایہ,saya
اکسيپٹانس,acceptance
بريسٹ,breast
خوبی,khoobi
گاؤں,gaoon
لگاؤ,lagao
دے,de
مسالے,msaly
مزاق,mazak
بهای,bhai
گي,ge
حیرت,hyrat
وادے,wade
ادھار,udhar
بکھری,bikhri
میٹرو,mitro
کبھی,kabhi
جوتے,jotey
گاڑی,gari
روشنی,roshni
يسياللي,usually
کوکو,koko
ٹشرٹ,tshirt
شاباش,shabash
پیاری,pyari
رومانٹک,romantic
پحيسکال,physical
حانڈ,hand
کردو,krdo
شیشے,sheeshay
سيراوس,serious
اد,add
اللاہ,allah
التجا,iltija
پينسل,pencil
سیس,sis
الفاظ,alfaz
تمی,time
ٹھہر,thehre
ڈیٹیل,details
پروانہ,prwana
ماس,mass
نبھا,nibha
خشبو,khushbo
دلاسا,dilasa
سیل,cel
جھوٹ,jhoot
کویٹا,quetta
چھور,chhor
مخلص,mukhlis
سوے,soe
ٹایم,time
دگنا,dugna
جانتا,janta
هوی,hui
سرخ,surkh
انگلش,english
یقین,yaqeen
س,s
پرت,prat
سوپر,super
تھکا,thaka
گلاس,glass
اتار,utar
انہوں,unhon
ساتھ,sath
زمبابوے,zimb
جاری,jari
زرد,zard
صوبے,sube
ابانڈانس,abundance
است,asit
ڈانس,dance
دھماکہ,dhamakha
لکھوں,likhun
پاشا,pasha
آدم,adam
بٹھورو,bathoro
نشے,nashe
ترت,trat
قسمیں,qasmein
دیدار,didaar
پویٹری,poetry
نامہ,nama
اطاعت,itaaat
لاگ,lag
علمی,almi
ستایا,sataya
آف,of
شعبان,shabnam
نوکر,naukar
شور,shor
ٹهندر,thunder
مافیا,mafia
ڈريس,dress
کچ,kuch
ڈھلتی,dhalti
لگیں,lagain
انهیں,inhain
وني,one
جامی,jami
کوک,quick
چل,chal
سامسنگ,samsung
قادری,qaadri
طالبان,taliban
کنڈی,kundi
ريسي,raise
اشک,ashk
کاٹو,kato
پڑی,pari
معني,manee
گالیاں,galian
ج,jaan
طرفدار,tarafdar
واقعی,waqai
سکی,saki
پروبليم,problem
فوار,four
حوصلے,hosly
سکے,sake
بسر,basr
اذان,azaan
جینے,jeene
کوم,com
کھلا,khila
سویٹ,sweet
زارا,zara
پانے,pane
پھینکتے,phenkte
چوپال,chopaal
ٹوينٹي,twenty
بجا,bja
غاصب,ghasib
اٹ,it
زون,czone
دوا,dua
تلاوت,talawt
نیہ,ne
ليگل,legal
سات,saat
ساڈ,sad
ورلڈ,world
سمجھتی,samajhti
آڑ,aar
بھرا,bhara
مرنا,mrna
سٹوڈنٹس,students
روف,roof
میم,mem
اپرل,april
هیں,hain
بکھرا,bikhra
پیام,peyam
کنڈنيس,kindness
یهاں,yaha
والو,walo
ھی,hi
سندھی,sindhi
آنکھیں,ankhain
بهر,bhar
روٹي,roti
بدنام,badnam
حيلپ,help
ييللو,yellow
انہیں,unhen
میٹنگ,meetingpoint
مک,mk
سگن,sign
يکيال,equal
طوطے,totay
دونو,dono
نگاہوں,nigahon
ٹرک,truck
مان,maan
ریکویسٹ,request
اماذنگ,amazing
نيپال,nepal
ٹوموررو,tomorrow
جو,jo
فورم,form
پنڈی,pendi
احترام,ehataram
اکرام,ikram
لایوو,live
جاگتا,jagta
18,18
ہورہا,horaha
زویا,zoya
کیسا,kesa
ہادی,hadi
جھل,jhal
کھانا,khana
بور,bor
لوٹ,lot
حيرٹ,heart
بدولت,badulatwarna
پہچان,pehchaan
اتر,utar
پڑھ,parh
نصیب,naseeb
شیٹ,sheet
سٹانڈارڈ,standard
ہماری,hamari
اچار,achar
مسٹری,mystery
هوتی,hoti
اپکا,apka
کار,car
ڈرنک,drink
٣٠,30
جلیں,jalen
شاہ,shah
بانڈ,bandh
گيارانٹر,guarantor
راتیں,raatain
بھرپور,bahrpoor
رکھی,rakhi
پلکیں,palkain
ریاض,riazs
روتھ,roth
موجودہ,mojooda
کرا,kara
انار,anarkali
ساٹھ,saath
ريٹيرن,return
ظرف,zarfk
بولے,bolay
اوج,arooj
ماضي,mazee
سایا,sayanafrat
ولی,waliullah
توقیر,toqeer
ميحامماڈ,muhammad
بلوا,bulwaon
خلوت,khalwat
لالے,laale
بہی,b
سپنا,sapna
اطمینان,itminan
جاؤ,jao
شب,shab
اررے,array
نیک,nick
کمالیہ,kamalia
رینی,rainy
جھولے,jhooly
شیوا,shewa
انس,ans
ديکھ,dekh
ثبوت,sabot
لاریب,lareb63
کوٹا,quota
حسان,husan
خان,khan
چلتے,chalte
ضبط,zabt
هوا,hua
شکیل,shakil
دخل,dakhl
اپنا,apna
آییں,aain
سینا,cenashahzadi
جلد,jaldi
تيسرا,teesra
وبا,oba
انسٹانٹ,instant
ہنسی,hansi
ڈارلنگ,darling
رکھتا,rakhta
اینا,aeyna1
ہرا,hera
ڈھل,dhal
جھکا,jhuka
آو,ao
احمد,ahmed
نانا,nana
انصاف,insaf
سانول,sanwal
خوشبو,khushbo
دروازا,darwaza
نشتر,nishter
جانب,janibemanzil
مغز,maghz
آے,ae
اسلامیان,islamianstars
کاٹوں,kanto
مورننگ,morning
کھولے,chole
نيڈ,need
دھماکا,dhamaka
٢٤,24
همنشیں,hm
اندازہ,andaza
رين,rain
لا,la
پاوں,pao
ڈالا,dala
خالی,khali
بندگی,bandgi
بندوں,bndon
حوار,hour
وعلیکم,w
بہل,behl
ايگيسٹ,august
پکا,paka
ڈيسيمبير,december
آؤ,ao
میٹھا,metha
قرآن,quran
مزدوری,mazduri
کھویا,khoya
شی,shi
الجھ,ulajh
هنی,honey
نومن,noman
سستی,sasti
دانیال,danial
کھلونا,khilona
اسامہ,usama
انکا,unka
کيلڈ,could
ڈاریکٹ,direct
مانگ,maang
افق,ufaq
گناہ,gunah
الٹی,ulti
نے,ne
شم,sham
لانچ,lanch
میرٹ,meri
جنکو,jinko
دانی,dani
فراق,firaq1
ہمیشہ,hamesha
زلفیں,zulfain
پاو,pao
اسپيکٹ,aspect
شرجیل,sharjel
کروڈ,crowd
کروگے,kro
جانباز,janbaz32
دیکھتا,dekhta
سویا,soya
پھیر,pher
نمازوں,nimazo
دوں,doon
واسطے,wastay
دود,dod
راؤ,rao
فیری,fairy
پؤیٹری,poetry
ترمزی,tirmizi
کھلاتے,khilate
وفٹين,often
بچا,bacha
لوسي,loose
ملا,mila
یارو,yaro
سبحان,subhan
فروم,from
کے,k
سٹوڈنٹ,student
معروف,masroof
ٹارزن,tarzan
هوبی,hobby
اتاری,attari
لمحے,lamhe
کریٹ,create
کانا,kana
جوتیوں,jotioon
بابو,babu
بھیڑ,bheer
٥,5
بوي,boy
زوہیب,zuhaib
سمایل,smile
آپکا,apka
واسی,wasi
سلیمان,sulaiman
جیتے,jeete
لگان,lga
سندھو,sindhu
ہتھیلی,hatheli
ڈالو,dalo
ہوگا,hoga
کتنی,kitni
انجوائے,enjoy
سیتا,seet
ڈیپارٹمنٹ,department
بتلا,batla
رواج,rawaj
پالتو,paltu
ثاقب,saqib
دلا,dila
رچ,rechilli
ڈوبی,dubi
کمل,kml3
روانی,rawani
اپنوں,apno
ہمارا,hamara
وابستگی,wabastgi
رکهتا,rakhta
کچہ,kuch
پاؤ,paaon
ڈیپ,deepfriends
ٹيپي,type
وک,ok
هون,hon
کھول,khol
لگتے,lagte
بناتا,banata
فیل,fail
پیٹ,pait
آمنہ,amna
جھانک,jhank
ریسٹ,rest
فاین,fine
میر,meri
اسی,usi
تاریکی,tareeki
تعلق,taluq
نفس,nafs
کہاں,kahan
امی,ami
کسنے,kisne
کرب,krb
تولل,toll
انفرادی,infaradi
روش,rosh
عقیل,aqeel
جھگڑا,jahgra
پيرپوسي,purpose
واک,awake
اتے,ate
چلتا,chulta
کشمش,kishmish
فدا,fida
چاہت,chahat
سوگوار,sogawar
دیکھیں,deikhen
انشاللہ,insha
امِ,um
لیں,len
بادشاہ,badshah
اے,e
مرحبا,marhaba
چلو,chalo
انوکھا,anokha
سکول,school
وحید,waheed
جان,jan
دوران,doraan
بی,b
برتھڈے,birthday
بدلی,badli
ہجر,hijr
سچے,suche
ڈیر,dear
ہرو,hru
کيوں,keyo
وارد,warid
وے,way
بولبو,bolo
بڑا,bara
سمس,sms
ماموں,mamu
ميمٹاذ,mumtaz
شرلی,shurli
لاسٹ,last
اشارے,isharay
بھیجوں,bhejoon
٣١,31
حيرو,hero
ورڈير,order
یخ,yakh
دنگ,dangr
سویاں,soyen
پہلا,pehla
سهارا,sahara
ڈاکو,daku
کرل,kral
گناہوں,gunahon
رقیسٹ,request
مسلمانوں,musalmano
کاج,kaj
تھک,thak
مما,mama
لفي,life
ھمیں,hamain
اسلامی,islami
دکھو,dekho
امین,ameendil007
ملاح,malahhhhhh
اند,and
جیا,jia
فير,fear
تمیز,tmez
بھن,behn
عرصہ,arsa
سیدھا,seeda
ہاتھی,hathi
کامیابی,kamyabi
شیدائی,shedai
کھلونوں,khilonon
جھگڑے,jhagre
گیا,gya
ا,a
تا,ta
دست,dost
لکین,lekin
راہی,rahi
جہاد,jahad
مومن,momin
بنگلہ,bngla
مارکيٹ,market
ھوتی,hoti
یت,it
ساگر,sagar
گلوم,gloom
عطا,atta
کرٹ,karta
مارنا,marna
تھو,tho
بلوم,bloom
جانا,jana
جلتے,jalte
چورا,chura
بگاڑا,bagara
کھاتا,khata
بم,bm
کھونا,khona
منصوبه,mansooba
لحاظ,lehaz
پليسير,pleasure
چوٹی,choti
رویا,roya
پلا,pila
تولیہ,tolia
عشاء,ishaa
ڈالے,dalay
انجونے,enjoy
ارگيمنٹ,argument
راہیں,rahen
سنو,suno
سردی,sardi
قرب,qurb
زمیں,zmen
بوڑھا,boorrha
انحابٹڈ,inhabited
وارک,warkatal
ملتی,milti
گناہگار,gunahgar
گندی,gandi
گھڑی,ghari
بغداد,baghdad
سٹوني,stone
سکھانا,sikhana
نامعلوم,namalom
تپیش,tapish
کوکلي,quickly
الطاف,altaf
موڑ,morr
سورری,sorry
زلفوں,zulfon
همیں,hme
اٹھانے,uthane
گ,g
نکالو,nikalo
موٹی,moti
آسک,ask
گردن,grdin
ڈمپ,dump
جسموں,jismoon
رونے,ronay
جاگتے,jagte
فاحم,fahim
خد,khud
شکایات,shikayat
ہیلپ,help
تقدیریں,taqdeerain
فرحاں,farhan
تتلیاں,titliyan
بوريڈ,bored
سکنا,sakna
خدیجہ,khadija
حامد,hamid
ہونے,hone
کافروں,kafro
ميشارراف,musharraf
سکھ,sekh
دید,deed
ھوٹ,hot
زیب,zaib143
پیاروں,pyaron
مکھن,makhn
حنا,hina
ریلی,rely
نکلی,nikli
صورت,surat
پاکستان,pakistan
لیجا,leja
انقلاب,inqalaab
ينڈ,end
چور,choor
انمول,anmol
حضور,hazoor
ڈھال,dhal
بہترین,behtaren
بکھرنے,bikhrne
تنولی,tanoli
سمجھا,samjha
پانا,pana
بہو,baho
فوزیہ,fozia
غلطی,galti
جدوں,jadon
زیدی,zaidi
سمیرا,sumaira
تعداد,tadad
پاسا,pasa
بلانک,blank
فاکي,fake
سينا,seena
انت,ent
روکے,roky
برا,bura
جاگے,jagaey
فتوحات,fatohat
رپلی,reply
کاری,karti
ہار,har
ها,ha
ہستی,hasti
فیصلے,fesle
شکایت,shikayat
باپ,baap
فرانک,frank
بدلا,badla
طوطی,toti
گنا,guna
جروا,jurwa
مانگتے,mangtay
بکی,bki
شعیب,shoaib
آوے,away
دھل,dhal
خلق,khulq
مونگ,mong
١٧٠٠,1700
لعنتی,lanti
فراز,faraz
پرندوں,parindon
تنو,teno
جنگل,jungle
پنو,pnuawan2310
چکر,chakr
مرغی,murghi
چیتا,cheeta
پیرو,piaro
اپریل,april
مجاہد,mujahid
دیجیئے,dijia
فيبرياري,february
ليس,less
چيز,chez
گولڈن,goldn
جیس,jese
ابرار,ibrar
نخرے,nakhre
مرے,mre
بھیجیں,bhaijan
دلال,dalal
وارث,waris
ملنے,milne
پیارے,pyare
بلوڈ,blood
بالڈ,bald
چورنگی,chorangi
ينيمي,enemy
باتیں,baten
جھیل,jheel
فوت,footpath
کوڑے,korray
ک,k
مسافت,musafat
پیچے,pechy
سلينس,silence
ثواب,swab
بھلایا,bhulaya
چیر,cheer
ڈریم,dream
ارٹ,art
مواقع,mawaqay
نمب,numb
حاررس,harris
احتجاج,ehtjaj
نہا,naha
لاش,lash
حوکيي,hockey
لابی,labi
فرما,farma
فری,free
گدھا,gadha
اک,ik
بيٹھ,baith
آتی,ati
پڑھتی,parhti
ساتھی,sathi
سلگتے,sulagte
جنہوں,jinho
بھیجتی,bheje
کیسے,kese
سونی,soni
ظرور,zaror
تربیت,trbiat
فوٹ,foot
فنک,funkar
کرتے,karte
سجدوں,sajdon
لگا,laga
کوا,kawa
آزمانے,aazmane
ہوٹل,hotel
ہیرے,heere
مایا,maya
بیوی,biwi
سوک,sok
قاسی,qasi
خیریت,kheriyat
بڑوں,baron
پاکی,paki
انکی,unki
گپتا,gupta
ہوگیا,hogya
وام,wam
پیروں,pairon
والی,wali
مرتا,marte
فانی,fani
کرک,circket
زمانے,zamane
پھرتے,phirtay
آباؤ,abao
پینے,peeney
سعودی,saudi
اسکی,uski
تاکے,take
زما,zama
پتا,pata
لات,lath
مسکین,maskean
رہتی,rehti
طریقوں,tariko
حوصلوں,hosloon
بھا,bha
زبیدہ,zubaida
شرت,shart
سفیان,sufyan
نور,noor
اپیل,appiel
سٹی,city
بجھی,bujhi
یادِ,yaad
بیل,bell
حبس,habs
لامب,lamb
کونسا,konsa
گیسٹ,guest
موبایل,mobile
آن,on
ففٹي,fifty
سيپٹيمبير,september
شیا,shea
علینہ,alina
ڈیڈی,dydy
کوفی,cofi
پھر,phir
پرانی,purani
منڈا,mundaø
ڈنگر,dngr
ٹھکانہ,thikana
احتساب,ahtisab
لڑے,laray
بہ,b
پیچھا,peecha
خالد,khalid
ليرن,learn
ڈوڈ,dod
رکھتے,rakhtay
جاگو,jagoo
مصروفیت,masroofiyat
صبا,saba
لگایا,lagaya
لفٹ,lift
بچ,bach
بييٹفيل,beautiful
پکڑو,pakro
ديتا,deta
کرنير,corner
پاکستانیوں,pakistanio
منا,mana
پلاسٹک,plastic
پروں,paron
پوچھو,pocho
لوٹا,lauta
ٹوٹکا,totka
سنده,sindh
زیادہ,ziada
امامت,imamat
صدا,sada
کیوں,q
مین,main
کونٹینو,continue
پتھروں,pathron
کرونگا,karo
ہول,whole
سمجھے,smjhe
پرنسس,princes
لڑنا,lrna
زونگ,zong
عین,ain
رہوگے,rhoge
بھلا,bhula
ملاتا,milata
توڑ,tor
چوم,choom
آزماتے,aazmaty
وربٹ,orbit
چابی,chbi
بابي,baby
گی,gi
الون,alone
جانو,jano
اڈمرل,admiral
بارشوں,barishon
آءے,aye
آغوش,aghosh
گزارا,guzara
لفی,life
لگتا,lagta
ریپلائ,reply
مہنگا,mehnga
ھوتے,hote
بھیج,bhej
گزارنا,guzaarna
جگانے,jaganay
دراصل,darasal
تها,tha
لوٹس,lots
ماسی,masi
ملتا,milta
احميڈ,ahmed
گلے,galay
دونے,donay
معذرت,mazrat
بہروں,behron
بیٹھا,betha
سمجھی,smjhi
ہٹنے,hatne
بالٹی,balti
مسکرانے,muskrany
ہ,ha
بغیر,bagair
مارٹ,smartpoetry
پیدا,peda
هوٹ,hot
روک,rok
شرکت,sharkit
کھینچی,khainchta
مقصود,maqsood
ناسمجھ,na
رخ,rukh
خیرات,khaerat
ما,ma
ينٹر,enter
مجھے,mujhe
نبھانے,nibhane
گزری,guzrifaraz
امیدیں,umeedein
یادوں,yadon
کرنے,krne
رکے,rukay
بچنا,bachna
بھیگی,bheegi
سرے,sare
بچیاں,bachiyan
ارٹفکال,artificial
کھانے,khane
کھلونے,khilonay
افسردہ,afsorda
مار,mar
باتوں,baton
انگریز,engrz
پڑھا,parha
آلو,aaloo
ببلو,babloo
نہایت,nehayet
فاحاڈ,fahad
خر,khr
گرا,gira
ہاللو,hello
درود,darood
ناسور,nasoorjazb
ور,or
کھيل,khel
دی,di
رور,ror
ہیر,here
جسے,jisay
آغا,agha
لاج,laj
سوری,sory
گرنے,girne
شہزادہ,shahzada
جھوم,jhom
ذونگ,zong
جذباتی,jazbati
لکھ,likh
حے,hai
پويم,poem
اونی,aouni
دھیرے,dheere
غریبوں,gharibon
قیام,kiam
آریان,areyan
جاے,jaye
تھی,thi
گهڑ,ghar
بريڈ,bread
شٹ,shut
اندھر,andr
زہرا,zahra
تمہیں,tumhe
ایسے,aisay
جوک,joke
تھوڑ,thori
سٹرونگ,strong
شاہی,shahi
ویلکیم,welcome
سوچنے,sochne
اسسينسون,ascension
آزما,aazma
حکومت,hkomt
سوچتی,sochti
ویٹ,wait
تھنکس,thanks
شرک,shrk
وں,un
شک,shak
سٹي,city
ٹو,to
ہونٹ,hont
گرد,grd
ٹپس,tips
کلمات,kalmat
کیں,q
رونا,rona
فلمیں,flmn
جوس,juice
ليں,lain
بولنا,bolna
بکنے,biknay
نکوٹین,nicotinesms
پہلی,pehli
والد,walid
خبروں,khabron
ومار,omar
فريڈوم,freedom
کرواتا,karwata
سیریس,seri0us
تبدیلیاں,tabdeeliyan
حوا,hawa
رکھا,rakha
مستونگ,mastung
گنورانٹ,ignorant
کلاس,clas
پروپيرٹي,property
دبی,dubai
آنٹ,aunt
باسي,base
هی,hi
سیرت,seerat
ادو,idot
ہوتے,hote
کباب,kababs
دانس,dance
چلاؤں,chlaon
مینا,mena£siom£
دیش,desh
فورڈ,frwrd
راچ,rich
بٹھاو,bithao
یومی,yummi
بریکر,breaker
شوي,shoe
پھٹ,phat
قاد,qadir
افتخار,iftakhar
جنناح,jinnah
جما,jama
محال,mohal
سليپ,sleep
بنگو,bingoo
ٹورنامنٹ,tournament
مانو,mano
رنگین,rngin
بنگالی,bangali
روپے,rupy
راستہ,rasta
هوں,hun
دوستی,dosti
ہیلو,hello
مہا,maha
مجبورا,majburam
انڈير,under
ساته,sath
ریپلائی,reply
کہنا,kehna
آسمانی,aasmani
پناہ,panah
ہنسنا,hansna
خط,khat
تيز,tez
فات,fat
روہی,rohi
بوریت,boryat
ندا,nida
سوچنا,sochna
مکھی,makhi
کاظمی,kazmi
مزا,maza
احساسات,ihsasat
وٹس,wts
بڑھ,barh
حاجی,haji
موٹو,motu
اککور,acquire
حيڈ,head
پيريلي,purely
ریڈ,reed
جانور,janwar
وارسا,warsa
تھے,thay
ہیڈ,head
ہونٹوں,honton
چکے,chuke
سگے,sege
اسدولاه,asadullah
کربلا,karbala
شفقت,shafqat
آل,all
ہوجاتا,hojata
اداسی,udasi
جام,jaam
فیضان,faizan
11,11
انصاری,ansariboys
انجو,anjo
لونگا,lungagirl
دربان,darbanaisey
بانو,baano
واہ,wah
مغفرت,maghfrat
اپنانے,apnanay
چرچا,charcha
افغان,afghan
ناپ,nap
بھأي,bhai
انک,ink
محرومی,mehroomi
تھوڑے,thore
وسیم,wasim
جلانے,jalanay
عراقی,iraaqi
سام,sam
دیکها,deka
کاشان,okkashan
صارف,user
بلکه,blky
ترازو,tarazo
بکھرے,bikhre
کسا,coca
کاہے,kahey
وچ,kuch
ہاۓ,hi
سجا,saja
افضل,afzal
انڈيرنيتھ,underneath
رابطہ,rabta
دکھ,dukh
موحامماڈ,mohammad
قریشی,qureshi
اسکول,iskool
موڈ,mood
ميری,meri
ذلیل,zaleel
ھنی,honey
بند,band
رازی,razi4u
نایس,nice
فلم,film
ماری,marikese
کوڈ,code
سختی,sakhti
نال,nal
بھائی,bhai
تکتے,tktey
ریپلاۓ,reply
جیسے,jese
بای,bi
کانچ,kaanch
۵,5
زوق,zowq
سنگا,snga
اسلام,assalam
سما,samaa
آنگن,angan
فضیل,fuzail
آمر,aamir
ریل,real
کول,cool
سٹوري,story
روٹی,roti
ليتے,laitay
گفٹ,gift
کی,ki
روز,roz
تؤ,to
چاہا,chaha
دوسری,dosri
رہا,raha
ذرا,zra
لانا,lana
کیتا,keeta
راستے,rastay
گجرانوالہ,gujranwala
2,2
فريش,fresh
گھنٹے,ghante
جانتی,janti
رومان,romaan
ستارے,sitare
شہزاد,shahzad
بنای,bnai
پیروی,pairwi
سجایا,sajaya
پروگرامر,programmer
چیزیں,cheezen
موحامميڈ,mohammed
ٹاگ,tag
پیسے,paise
آوازیں,awazen
آفر,ofer
چڑھاؤ,charhao
آرمی,army
اپپيل,appeal
کرواؤں,krwao
چاۓ,chay
معصومیت,masoomiyat
بڑھا,barha
لے,le
ہمیش,hamesha
دوری,doori
ابتو,ab
ھو,ho
تعرف,taraf
ای,i
چاہی,chahye
سمجھدار,smjhdar
پيرسون,person
عقل,aqal
بتاؤ,btao
ہوجا,hoja
اسس,is
مغرب,mghrb
٢٠٠,200
زیر,zer
خوب,khoob
ہمارے,hamare
واٹس,whats
ہوشی,khoshi
سرمایا,sarmayae
اچھی,achi
شيٹ,shet
چاٹ,chat
لوند,londy
جنوں,junoon
برستی,barasti
افراد,afrad
رخی,rukhi
منی,mani
الگ,alag
فضیلت,fazeelat
اکڑ,iccr
پلانيٹ,planet
تھا,tha
روکیں,rokyn
خودکشی,khudkushi
پلايير,player
فش,fish
بستا,basta
یعنی,yani
بھوک,bhok
عراق,iraq
اندھیروں,andheron
پڑو,prho
پورے,pore
ٹرسٹ,trust
حقیر,haqeer
تارا,taraadub
ہمیں,humain
سراج,siraj
شیرو,sherwani
آرہا,araha
چکی,chuki
سینٹینس,sentence
سنگھ,singh
دہاڑے,dihaaray
جرا,jera
لٹا,lutai
اداکار,adakaar
پینٹ,paint
طبیعت,tabiyat
تیری,teri
سجدے,sajday
سیٹ,set
اپس,apas
اشاره,ishaara
مری,meri
نیے,naye
باس,bas
آنسر,ans
ارسلان,arsalan
بنتی,banti
بھرتا,bharta
الکوحلٹارزن,alcohol
ميں,main
لینے,lene
ماڈ,mad
جمعہ,juma
افٹر,after
کویل,koyal
جوڑ,jork
پنجرے,pinjray
بٹھانا,bithana3
شہادت,shahadat
شکور,shakoor
رسمی,rasmi
کين,keen
تیرے,tere
رحمان,rehman
ہوتا,hota
زینب,zainab
ارباز,arbaz20
پیتا,kpeeta
تجھے,tujhe
حیدر,hydrabad
قندیل,qandeel
الحمد,alhamdolillah
منانے,manane
انگلیوں,ungliyon
اکر,iccr
٢٠,20
رہنا,rehna
بادام,badaam
گلیاں,galia
پروگراممير,programmer
وانٹ,want
هاف,half
تھیں,thin
بيرن,burn
ڈور,door
باته,bathroom
بروڈر,bro
لڑکیوں,lrkion
بخیر,bakhair
سرداروں,sardaron
گيل,gul
لوگوں,logon
لکي,like
بناؤ,bnao
گوٹ,got
سوں,sona
ارشد,arshad
مي,my
دین,deen
مزار,mazar
پھاڑ,phar
چاہنے,chahne
ٹوو,two
٢,2
حور,hoor
بدلے,badlay
رحمانہ,rehmana
ابو,abu
تنوع,tenu
آسی,aasi
قبریں,qbren
سمت,simt
بولو,bolo
سٹڈی,stdy
لکھنا,likhna
بدلتی,badalti
پڑھنا,parhna
ڈوب,doob
خطرناک,khatarnak
گريٹ,great
سمجھ,smj
توہین,toheen
٣,3
طالبعلم,talabilm
شق,shuk
۱۱,11pmparya
دبا,dba
ہوں,hun
آفریدی,afridi
بسیں,basen
کارڈ,card
علینا,alina
سچی,sachi
جیسی,jesi
امریکہ,america
نیلی,neeli302
نواب,nawab
چپ,chup
هیلپ,help
دشت,dasht
کیونکہ,q
گردی,gardi
سدا,sada
دفا,dafa
گلو,glow
آؤں,aao
کردی,krdi
لڑکیاں,larkian
دشمنی,dushmane
ولڈ,old
جوب,job
سینڈ,send
فلاگ,flag
٢٥٠,250
چوٹ,chot
ناصر,nasir
پریت,preet
دھوکا,dhoka
تول,tol
ميز,maiz
ھوتا,hota
پحلوسوپحير,philosopher
شیاء,shia
نڈھال,nidhal
ييي,eye
گووڈ,good
جونی,jouni
زرداری,zardari
کشمکش,kashmakash
الکوہو,alcohol
ہیں,hain
جسٹ,just
لادن,laden
مخاطب,mukhatib
کرکے,karke
روڈ,road
خلا,khula
علاوہ,ilawa
لوگ,log
خوف,khof
جگایا,jagaya
بار,bar
مانی,mani
درجے,darje
کامياب,kamyaab
جلیل,jalil10
اجالے,ujaly
کھانسی,khaansi
گھر,ghar
لڑی,lari
میمبر,membr
کہتے,kehte
مٹتے,mittay
پڑتا,parta
سنان,sunan
امیدوں,umeedon
سوا,siwa
چیتے,cheetiye
سپرد,spurd
ہاہاہا,hahaha
کیسی,kesi
تیسری,kotesri
ماجد,majid
فوللو,follow
کمان,kaman
منسوب,mansoobtum
جانِ,jan
حسیب,haseeb
مٹھاس,mithasjab
سیلاب,selab
کھیلتا,kheilta
واسطہ,wasta
بلوچی,balochi
چلی,chali
ہلچل,halchal
١٥,15
جیتا,jeeta
پختو,pukhto
ادھورا,adhoraø¤œ£ent
ڈیلی,daily
خواہش,khwahish
دادا,dada
کون,kon
نمی,nami
ڈوینگ,doing
ماہیا,mahiyarab
ثنا,sana
موج,moj
بنایا,bnaya
حیات,hyat
تجھ,tujh
لیموں,limu
اسلامیک,islamic
ٹرپ,trip
خاموشی,khamoshi
دہی,dehe
موبلے,mobile
تروته,truth
ملاقات,mulaqat
وفات,wafat
پھیلاتا,phelata
تہ,tha
اجمل,ajmalmmdaslam
بھائ,bhai
سویرا,sawera
سلاپ,slap
8,8
کٹوبير,october
مٹانا,mitana
گوڈ,god
ابھرنے,ubharnay
یوٹ,your
پرنس,prince
رے,re
ملٹی,multitecsawariya
سونو,sonu
جاز,jazzy
بها,baha
ملاوٹ,milawt
تنگ,tang
خوشیوں,khushiyon
ڈے,de
خطرے,khatre
جلنے,jlne
بٹے,btain
لو,lo
گیں,gain
کال,kal
ملی,mili
زنا,zana
ٹالک,talkshalk
آپکو,apko
جوکس,jokes
سکرین,scren
٥٠٠,500
نيٹ,net
نیازی,niazi011
جانی,jani
اسيمبلي,assembly
بیٹھی,bethy
چی,che
پوچھا,pocha
اپ,ap
روشن,roshan
برين,brain
سکپ,skip
جینا,jeena
جلدی,jaldi
کھیل,khel
آلسو,also
حونور,honor
وحشت,wehshat
دوسروں,dosaro
راو,raw
جيني,june
صابر,sabr
اقرا,iqra
سٹرنگز,stringzoye
صدقے,sadqay
رسیلی,raseli
مانا,mana
پرانے,puranay
کیمسٹری,chemistryblogsadaf
پیش,paish
بلڈنگ,bulding
پﻻسٹک,plastic
مومنین,momineen
رينٹ,rent
دوستوں,dosto
پڑھتا,parhta
سامی,sami
فیصلہ,faisla
مانتے,mante
کردگی,krdgi
ہونگے,honge
بہتا,behta
طوطا,tota
بھیا,bhayia
ادھوری,adhoori
لرزتے,larazte
یونس,younis
بهائی,bhai
گو,go
راہ,raah
میشا,mishaaao
بہانے,bahane
اگنی,agni
رهے,rahe
شرمایا,sharmaya
ذہین,zahen
ييس,yes
اجیرن,ajheeran
کالو,kalo
پیٹی,piti
کیوںکہ,kiun
لگاتار,lagatar
نون,non
سوم,swim
مناہل,mnahil
جوگی,jaogi
حلیم,haleem
بندا,banda
فاسٹ,fast
سلک,silk
سامنے,samne
سرور,suroor
ريببش,rubbish
الله,allah
تالو,taulo
مثلا,masla
پریتی,prety
پانڈا,panda
پتلون,patloon
فصل,faslegul
ڈوبنے,doobnay
سٹال,stall
کپي,copy
بہاو,bahao
تھامے,thamay
پٹي,pity
کونسے,konse
لکھنے,likhne
ورق,warq
جین,jain
چارسو,charsiokoi
راشد,rashiid
ریپ,rep
سٹوپ,stop
لکھتی,likhti
رابعہ,rabia
دریاؤں,daryauon
جاسم,jasmin
هاں,han
کرنی,krni
١٧,17
سٹارٹ,start
سٹوپڈ,stupid
لنچ,lunch
وہاب,wahab
حفیظ,hafeez
اسا,isa
بھوکا,kabhokatha
ٹير,tyre
چکنی,chiknikuriraja
زندگانی,zindagane
پورا,pora
ٹرينک,trunk
سنک,snkk
ادیا,idea
نازش,nazish
راجپوت,rajput
ھا,hahaha
ي,ye
منہاس,minhas
پریس,prince
مپرسونمنٹ,imprisonment
انٹروڈکشن,intro
کاٹ,kaat
مسیحا,maseeha
جاپان,japan
سبا,saba
انشا,insha
وارن,warn
رہتے,rehte
نبھایا,nibhaya
گرل,girl
بروے,brwe
غلطیوں,galtiob
الکوحل,alcoholnahi
دير,dair
شریعت,shariyat
اخوند,akhund
بیماری,bimaari
آنکھوں,ankhon
محشر,mehshar
پرواہ,parwah
اتوار,itwaar
چاہوں,chahon
اسرار,israr
پیڈ,pidda
منميم,minimum
پوچھ,poch
اڑا,ura
کود,code
کروا,krwa
آجا,aja
اپنے,apne
ڈوبا,dooba
لگانا,lagana
ماند,maand
سینڈنگ,sending
ماہ,mah
کریگا,karega
پاتے,paate
چالاک,chalak
ملال,malal
دیر,dear
دیواروں,deewaaron
مسلمانو,muslmanu
انا,anaa
فيٹير,future
سیکھا,seekha
لوگو,logo
اای,i
رام,ramgar
تڑپتا,tarapta
آجکل,ajkal
کرانا,krana
انوشے,anoushey
سندر,sundr
آنٹی,aunti
کرتا,karta
کیچڑ,keechar
کچرا,kachra
خدایا,khudaya
اجداد,ajdaad
ب,b
شامی,shami
بیہوش,behosh
سادہ,sada
بولی,boli
چڑھا,charha
چاہیں,chachey
سکیں,sken
گا,ga
فرش,farsh
د,da
کنوٹ,knot
ایسا,aisa
ناین,nine
نکلا,nikla
انٹرنیٹ,internet
لوںگا,lo
پللو,pillow
ظہیر,zaheer
طوطوں,toton
یادیں,yaaden
هنس,hans
سٹيپ,step
والوں,walon
لاشیں,lashen
اپنی,apni
والے,wale
سچ,sach
ترین,tareen
بچی,bachi
اوس,aus
اننکينٹ,innocent
ٹکرا,tukra
تہس,this
حارش,harsh
مرزا,mirza
رخسانہ,rukhsana
ہام,sham
ہوت,hoti
امےر,ameer
لؤ,lo
انعام,inaam
سنگاکارا,sangakara
لڑائی,lrai
بھیگ,bheeg
لکھتے,likhte
ہاتوں,hatthon
پونڈ,poni
گزرے,gzrega
تاو,tao
کسک,kscnumaz
پرواز,perwaaz
ٹپکتا,tpkta
آپی,api
ھیں,hain
رہی,rahi
پھونک,phook
انہی,inhi
بٹس,batsman
چکا,chuka
رقص,raqs
طور,tor
کتنا,kitna
ھیلڈ,held
دہکتے,dehekte
تنا,itna
فرمایا,farmaya
پؤيٹری,poetry
بھروسے,bharosay
رسول,rasool
مسلمان,musalman
سنڈ,send
ذمانا,zama
غمی,ghami
مستانہ,mastana
اندر,andar
ملول,malool
زبر,zabr
کور,kor
شا,sha
سنسان,sunsan
دیکھا,dekha
کہے,kahe
باد,baad
روسے,rose
ہارو,haaro
فيصل,faisal
پری,pari
رانا,rana
چول,chwal
نمازی,namazi
بهی,b
کھلتی,khilti
وکا,oka
پوچھی,pochi
بھولنا,bhulana
ڈولی,dolly
بیسٹ,best
شیری,sheri55
گوگل,google
اطراف,atraaf
کونے,koney
سوفٹ,softchat
تالیاں,talian
منافقت,munafqat
بهادر,bahadur
مست,mast
طبیب,tabeeb
نيوز,news
لاکي,lake
سومورو,soomro
سعد,saad
کارو,karo
بزدار,buzdar£taunsa£
آکر,aakar
فریدی,fareedi
حےلو,hello
قصی,qasi
عورتوں,aurton
ليٹٹر,letter
آج,aj
آخری,aakhri
انکو,unko
راجا,raja
ہاتھ,hath
وصی,wasi
سمایا,sumaya
ورقہ,warq
گيسٹ,guest
اختیارات,ikhtiyarat
لعل,lal
متھ,muth
نبھاتے,nibhatay
١٠٠,100
لوها,loha
پونچھ,ponch
٤,4
ڈارک,darkeyes
آفتاب,aftab
ییس,yes
ذوق,zoq
بالوں,balon
حاجت,hajat
پرستی,parasti
ریپلے,reply
بھاگنا,bhagna
سیرو,seeru
زبیر,zubair
تھس,this
جلا,jala
قیامت,qyamat
ڈریمز,dreamzz
تتلی,titli
مسکراہٹ,muskarahat
رکھنی,rakhni
بھروسہ,bharosa
ڈوبتی,doobti
رہیں,rahin
نبی,nabi
رفاقت,rafaqat
ریکو,request
رفتگاں,raftagan
دھڑکا,dharka
جاناں,jana
بوم,bombom
شوپ,shop
حقدار,hakdar
دیوانہ,diwana
علی,ali
نشانی,nishani
کوالفيڈ,qualified
بیچ,bech
رہو,raho
فواد,fawad
آدھا,adha
رضی,razi
ٹوٹنے,tootne
کورے,korey
مہر,mehr
عبادت,ibadat
کشم,kashmiri
ويلکم,welcome
انگلی,ungli
جنید,junaid12
تاروں,taron
ترک,tark
آرٹی,arty
تمھیں,tumhen
آتے,ate
جگا,jaga
باربار,bar
خودی,bekhudi
اچھے,ache
امين,ameen
ہون,hon
مرضی,marzi
زپر,z
پایا,paya
گهر,ghr
کلیوں,kaliyoo
پارٹ,part
یير,year
انفڈيلٹي,infidelity
خرمی,khurmi
مون,moon
ہوٹ,hotgirl302
مصروف,masrof
الحمدلللہ,al
تھ,thi
کونکريٹي,concrete
تراش,taraash
ٹیسٹ,test
نسوار,niswar
آ,aa
چہرے,chehre
برباد,barbad
جاننے,janane
ڈوگ,dog
يحيا,yahya
خرچ,kharch
پہاڑ,pahar
سادی,sadi
ناموس,namos
کوھول,alcohol
اٹھنا,uthna
ابیع,rabi
دا,da
پرہو,perho
اگگريگيٹ,aggregate
چکروں,chkron
کاسٹ,cast
معذور,mazor
منایا,manaya
ہمم,hmmmmm
ناگوار,nagwar
چاہیئے,chahiye
پين,pain
اللي,ally
مناتا,manata
ھوںج,hun
اکٹر,actor
اندھیرے,andheray
مجے,mujay
خفا,khafa
تینوں,tenu
تلخ,talkh
دیپ,deep
ابل,able
بکتا,bikta
عادتیں,aadatein
رومز,rooms
لاکھ,lakh
فٹبال,football
جوہر,juharabad
پینا,pina
ٹکڑوں,tukron
سارک,sarika
لمیٹڈ,unlmitd
جار,j
میٹر,metr
ٹیل,tell
دھماکے,dhamakay
کلپنا,kalpana
قابو,qaboo
حسسیں,hussain
آنا,aana
خوبصورت,khubsurat
داری,dari
دیکھ,dekh
خوں,khon
ٹرکک,truck
رهنے,rehne
گھسے,ghussay
ہنستے,hanste
سمجھتا,samajhta
بريکفاسٹ,breakfast
شمع,shama
ایشا,ayesha
ٹینا,tina
سنگ,sang
کریں,kren
کونی,koni
شیخ,sheikh
مزے,mazay
لگانی,lgani
نتاشا,ntasha
باہوں,baanhon
وکے,okay
لیکن,lekin
سلا,silamat
فرينڈ,friend
باری,buri
ٹی,t
معیار,mayaar
رافضی,rafzi
گہرے,gehray
ناکامی,nakami
ننيٹي,ninety
بیٹھ,beth
کیجیئے,kijye
ڈون,do
لایا,laya
یاپ,yap
انفليينس,influence
امنہ,amna
وہیں,wahin
زیدہ,zaida
سوتا,sota
ہاسا,haasa
اتنی,itni
سٹيل,steel
مبتلا,mubtala
گزرتا,guzrta
لکیروں,lakiron
ناشتا,nashta
گدو,gado
جرم,jurm
آگیا,agaya
فرم,frm
منگ,mung
سیالکوٹ,sialkot
دیے,diye
کسوں,kason
نید,need
کتنے,kitne
سکا,saka
پکی,paki
زا,za
دوؤ,do
دیوبند,deobandi
بولتے,bolty
دھوکہ,dhoka
بوتا,bolta
فورٹي,forty
جھکنا,jhukna
معصومہ,masoma
ڈھلا,dhala
لان,landa
دورنگ,during
انور,anwar
تحریریں,tahreeren
جونٹ,joint
باقي,baaqee
ٹھنڈک,thandak
مسکراتے,muskratay
ٹیچر,teacher
لينڈ,lend
گروپ,group
پانیر,pioneer
یہی,yahi
کروانی,krwani
چاندنی,chandni
ستو,ston
کھڑی,khari
شوٹ,sho
انجان,anjan
اٹس,its
۱۵,15
لمبے,lambay
سکور,score
جواد,jawad
حوصلہ,hosla
اسما,asma
اٹھو,utho
چائے,chay
گیلا,geela
تمہاری,tumhari
عادی,aadi
3,3
گھٹا,ghata
نومبر,numbr
حيل,hell
ستون,gstones
شیشہ,shesha
اج,aj
ٹوٹے,tootay
کسی,kisi
آکاش,akash
مجھ,mujh
سرا,sara
بنگلادیش,bangladesh
الٹنے,ulatne
دلوں,dilon
کللنگ,killing
حارڈ,hard
بری,buri
رونی,roni
ریحان,rehan
چلنے,chalnay
ٹوپک,topic
تھنک,think
پٹری,patri
ہوجاؤ,hojao
تونے,tu
انگوٹھا,angotha
حونيي,honey
لاو,law
زاہد,zahid
سنتا,sunta
ہپ,h
بھٹکے,bhatkay
گار,gaar
سکم,skm
صحرا,sehra
شورٹ,shortcut3
لاین,line
جهان,jahan
گھوم,ghum
امڈ,umad
بلا,bula
ماہی,mahi
مہربان,mehrban
بھول,bhool
دینا,dena
برعکس,baraakss
پلکوں,palkon
یے,ye
دانش,danish
لبوں,labon
واقعے,waqiye
صاحب,sahb
عدد,adad
تمیں,tumen
جاوں,jaon
اسکے,uske
آمین,ameen
سنوارتی,sanwarti
جلتی,jalti
غیرت,gherat
مہروز,maheroozwaalaikum
نازی,nazi
پووڑ,power
ابلیس,ablees
بوتھ,both
ماننا,mana
پھل,phal
انتظار,intzar
حصار,hisar
خرید,khareed
بنے,bne
بندہ,bnda
پچاس,pachaas
صابن,sabun
بلاکر,blacker
ثانی,saani
نوم,nom
ابراہیم,ibraheem
جذبے,jazbe
خریدا,kharida
پیارا,pyara
نيو,new
انگلیاں,ungliyan
مریضوں,marizo
بهائ,bhai
احماڈ,ahmad
١١,11
ٹرین,train
مستی,masti
ساجد,sajid
حالی,chali
داخل,dakhil
حیران,heran
وداع,wada
نکال,nikal
گولٹ,guilt
سوتی,soti
خواجہ,khawaja
بيت,beet
برانچ,branch
امبر,u
کا,ka
الوداع,alweda
آفاق,afaq
ينگلش,english
چ,cherry
مڈل,mdl
ناشتہ,nashta
ساری,sari
کرے,kare
دیکھنی,dekhni
زبردست,zbrdast
لڑکا,larka
پاپير,paper
فاروک,farooq
لکیر,lakeer
حجاب,hijab
جا,ja
نوں,nu
ماریا,maria
١٦٠,160
سمجھنے,smjhne
کڑوا,karwa
چوہا,choha
پولیس,police
دوش,dosh
کمرا,kamra
نفیس,nafees
لاهور,lahore
نینا,naina
زرقا,zarqaw1y
کنجوسی,kanjosi
افرا,ifrah
پوروں,pooron
انکل,uncle
يگگ,egg
معصومین,masomen14labikyahussainkisi
حیرانی,haerani
روپ,rop
یاسر,yasir
ماشاء,masha
لگتی,lagti
تسکین,taskeen
موبی,mobirock
چلایا,chilaya
چاہو,chaho
لاتی,latikehti
راگ,rag
آغاز,agaz
برسوں,barson
پارو,paroo1me
انجانے,anjane
اتینڈ,attend
پہونچا,phoncha
بيس,bees
ناراض,naraz
ادھر,idhr
نیا,naya
زیا,zya
رکن,rukn
سٹيڈينٹ,student
بتا,bta
خاطر,khatir
غالب,ghalib
چوکیدار,chwkidar
بھولتا,bhoolta
سلام,salam
کچھ,kuch
ٹري,try
پکڑوں,pakron
کیاکیا,kya
ہوا,hua
جہاں,jahan
سوچا,socha
ہوے,hue
ناز,naaz
کونٹربيٹي,contribute
ڈالتا,dalta
آیندہ,ainda
حويوز,house
ڈرتی,darti
مناتے,manate
تحقیق,tehqeeq
بلاسٹ,blastsm
دیوانگی,deewangi
سپورٹس,sportsman
یهی,yhi
اعتراض,aitraaz
بیولوجی,bio
هاتھ,hath
تقسیم,taqseem
ذ,zr
تے,te
کھل,khul
دو,do
کوکہا,koocha
جننے,jinne
حسدا,hasda
صحت,sehtmand
اب,ab
تھوڑی,thori
آپکے,apke
قیمتی,qeemty
بھیجے,bheje
کری,krti
سوچو,socho
نادیہ,nadia
لنک,link
زخموں,zakhamon
نادر,nadir
فرايڈ,fraud
پرنسپال,principal
ہرگز,hrgiz
پوچھیں,poche
کہ,k
ماروی,marwa
اسد,asad
چاہتا,chahta
دلو,dilo
میٹ,maiti
غذا,ghaza
اجالا,ujaalah
پیر,peer
بکری,bakri
ہسپتال,haspatal
حکمرانوں,hukmranoon
ٹوتھ,tooth
نیلا,niala
سین,seeen
رهنا,rehna
سکتا,sakta
بکرا,bakra
پا,pa
چوتھی,chuti
چاہے,chahe
لین,linemera
ند,nd
ہنس,hans
رو,ro
غريب,ghareeb
لیے,lye
شمار,shumar
فرانکلی,frankly
آنے,ane
فیاض,fiaz
عندلیب,andleeb143
پاپے,papy
پکے,pake
رالف,ralf
زباں,zuban
سیدھی,sedhi
اٹھی,uthi
می,me
انٹر,interinfo
گلاں,galan
م,ma
ردر,ridr
کر,kr
آنکھ,ankh
ہٹا,hata
ابنِ,ibn
غازی,ghazee
حسینی,hussaini
مرنے,marne
جاگتی,jagti
موتی,moti
دکھے,dukhe
خمار,khumar
شاکی,shaki
موحاميڈ,mohamed
غم,gham
کان,kan
جونہی,junhi
کاشی,kashi
ربی,rabipagl
نظریں,nazren
اتنے,itne
آدھے,aadhe
تعریف,tareef
بکواس,bkwas
هوتے,hotay
دھرتی,dharti
خاندا,khanda
ہوسٹل,hostel
عرصے,arsay
لکھا,likha
ناسر,nasir
ہلاکو,halako
لاڈلی,ladli
الين,alien
ام,am
بارگاہ,bargah
سنوار,sanwar
یار,yar
رہے,rahe
دیتی,deti
سبزی,sabzi
روکنگ,rocking
اکا,aaka
لون,lion
١,1
اتی,ate
چمکتا,chamakta
لمبا,lamba
کھونے,khonay
قاصد,qasid
سمجهے,smjhy
جیت,jeet
بهت,bht
نیوز,news
ویلکوم,welcome
پرس,price
گزرنے,guzarne
ااس,aas
ویسی,wesy
ہمار,hmara
روے,roay
شر,share
ویب,web
رواں,rawan
تی,ti
فہمی,fehmi
آرم,arm
نکالے,nikalay
بسے,bs
ريڈ,read
خوشی,khushi
انٹينٹ,intent
شازی,shazi
غلاب,gulab
مانگنا,mangna
دھویا,dhoya
سجنا,sajna
کسٹ,cost
ہور,1hour
آگے,aage
الحال,filhal
علی(علیہ,ali
٧٠,70
قران,quran
گریٹ,great
الجهاد,al
بناوں,banao
الی,ali
جاتے,jate
سمارٹ,smart
انهوں,unho
پڑھے,parhay
ڈمپل,dimpledollhania
فان,faan
بهاءی,bhai
فضاؤں,fizaon
پحوٹو,photo
شیو,shio
پڑھو,parho
نمازیں,namazen
روکا,ruka
قرض,qarz
اجتماع,ijtama
بناتے,bnatay
تلوار,talwar
بڑھنے,barrhnay
چاندی,chandni
انوارڈ,inward
سوچتے,sochte
بارے,baray
پہرا,pehra
عرب,arab
مرتے,marte
پي,p
کوش,koshish
حا,ha
خطا,khata
دھو,dho
سکن,skin
اتری,utri
علیکم,alaikum
ہیللو,hello
کچه,kuch
سیاست,syast
چلے,chale
ڈساسٹر,disaster
میک,mic
کمرے,kamray
اکیلا,akela
مچانے,machane
آدھ,adha
ہونڈا,dhonda
لانگ,lang
بارڈی,bardigat
ابتدا,ibteda
گہرا,gahra
نکلتا,nikalta
راضی,razi
حنین,hunain
آخرت,akhrat
ہوتی,hoti
جاو,jao
پریم,premnagar
ریا,re
حدیث,hadees
سونے,sone
خارش,kharish
زید,z
نکاح,nikah
لفظوں,lafzon
شولا,shola
سلفی,salfi
کوانٹٹي,quantity
کای,kai
نوری,nooriparihi
ڈسسارڈ,discard
لی,li
رحیم,rahimyarkhan
لوں,loon
غروب,ghuroob
چکوال,chakwal
هاتہ,hat
حدوں,hadon
گلسسسس,glasses
رشتوں,rishton
پہل,pehl
پڑھاتے,parhatey
الٹ,ult
اڑاتی,urraati
غریبی,gharibai
ضیا,zia
میاں,mai
رومیوں,ro0mio
پیاس,piyas
کھیلنے,khailne
گيي,guy
کروں,kron
سومرو,soomro
کوفے,cofethanks
پارک,park
جسکا,jiska
ھونے,hone
لوہا,loha
ہائی,hi
قول,qoul
اندھیرا,andhera
جمیل,jameelin
السو,also
ہنا,hena
بدلنے,badalne
بجھے,bujhe
بنا,bna
بح,bhai
آنسوں,†ansuon
فنکار,funkar
اسود,aswad3stars
گجراتی,gujratimunde
يو,you
مررور,mirror
تار,taar
بولڈنگ,building
پریہ,prea
يمير,umair
پیار,pyar
پیشاب,pishab
ہووے,howe
لانگياج,language
پٹھان,pathan
دکھوں,dukhon
لگے,lage
نادم,nadim
پرے,pre
قہقہے,qehqahey
گلی,gali
لولی,lovly
دلایا,dilaya
حسبند,husband
ہیرا,heera
گلاب,gulab
قرآنی,qurani
ماسٹر,mastergee
دھڑکتا,dharakta
جاگنے,jagne
شانوں,shanon
لاڈلا,laadlaa
افسران,afsaraan
صندوق,sandooq
ليکن,lekin
ارادہ,irada
بتانے,btany
دیدو,dedo
وسلم,w
بہنیں,bahnen
دعوت,dawat
پرچم,percham
مارے,mary
رشتے,rishte
هنگری,hungry
بوک,book
انتخاب,intikhab
شوہر,shohar
ض,zia
چنگا,changa
تمہارا,tumhara
پکٹير,picture
سچول,school
ڈاڈ,dad
تھیوری,theory
مانگنے,mangne
گزارنے,guzarny
مسٹ,must
تیرا,tera
ہو,ho
بھولنے,bhoolne
اسلامک,islamic
گونگے,g0onge
چینی,cheeniwo
کامی,kami
ملے,mile
مرض,marz
عرفان,irfan
يا,ya
بنانا,banana
حوپي,hope
کوڑا,kora
٤٠,40
ناه,nah
کاکا,kaka
راہوں,raahon
روم,room
دج,dj
سون,son
والا,wala
ٹوٹی,tooti
جمپ,jump
اسايلٹ,assault
انٹرو,intro
دیں,din
پلانے,pelane
باوجود,bawajod
لباب,lubaba
تحریر,tehreer
حانڈريڈ,hundred
ڈھونڈ,dhond
جنازے,janaze
اضافہ,izafa
ہےکے,he
زهیر,zaher
موست,most
پختونخواہ,pkhtoon
فرشتے,farishte
بھاگنے,bhaagny
وقاص,waqas
نيک,neck
ڈال,dal
طریقے,tareke
جاؤں,jaon
بولا,bola
تبديل,tabdeel
زور,zor
بہا,baha
جذبوں,jazbo
عشق,ishq
مذاق,mazaq
سلیم,slim
جوتی,joti
سوچوں,sochon
ماما,mama
میرا,mera
محسوس,mehsus
مرا,mara
ہمت,himt
چلنا,chalna
دیتا,deta
چشم,chashm
لوسٹ,lost
نهیں,nhi
دعوے,daway
نبض,nabz
و,o
نہیں,nhi
کانٹے,kantay
فقیر,faqeer
مثل,misl
معافی,mafi
ہا,hahaha
سرسری,sarsari
اشارہ,ishara
ناگن,nagan
سوچ,soch
عیب,aaib
انليس,unless
چپکے,chupke
بابی,baby
ییہ,ye
مجبور,majboor
انکوري,inquiry
سے,se
سلپ,slip
توتی,toti
فضول,fazol
دکھانا,dekhana
موحسن,mohsin
گنوا,ganwa
اٹھ,uth
لگوا,lagwa
مجبوری,majbori
ٹونکل,twinkle
زنی,zani
نیوزی,newzeland
جنيد,junaid
جنوري,january
اصلیت,asliat
پھرنے,phirne
منانا,manana
سميل,smell
یاروں,yaro
ونير,owner
فيل,fail
اٹوٹ,atoot
بچاؤ,bachao
بلال,bilal
رکھے,rakhe
کلیر,clear
ہاتھوں,hathon
فاک,face
سکت,sakt
تيل,tail
جاگ,jag
لپس,lips
افسانے,afsanay
جينيڈ,junaid
ہن,hn
دوستو,dosto
ذات,zaat
سيٹ,seat
رون,iron
سمیر,sameer
سارا,sara
والده,walda
الا,ula
کيي,key
تهی,thi
کرایا,karwaya
پہچانے,pohanchane
لؤگ,log
سبھا,subha
گندا,gnda
صلاح,sulah
فرحان,farhan
ایا,aya
پیئیں,payenge
کنورٹ,convert
مستقبل,hmry
اِنٹرو,intro
جلے,diljaly
سائیٹ,website
کونسی,k0nsi
ایپس,apps
تجربات,zaat
اترنے,usaysagar
ایکسپریس,express
پِنجرا,pinjra
ٹیگس,tags
تعلیم,education
عروہ,urooa
ایران,iran
بھیجو,bejo
کوکک,kick
يٹٹربيٹي,attribute
حویلی,havali
یہر,year
راوی,ravidear
پرو,private
سنبھل,sambhal
مینوئل,manual
پائیدار,paidaar
زر,shahzaar
ار,vania
اوڑھ,oarh
عنقریب,unqareeb
کھیلا,kartehum
نسب,amenmrfn
نعمت,4ndz
سٔٹ,sight
نسخے,jisnay
رنگت,zarad
فالو,follow
انویسٹیگیشن,investigation
جج,judge
کیک,snkk
فٔٹ,fight
عوض,ewiz
سيٹيرڈے,saturday
اگ,8swal
وائیرس,virus
ديست,dost
انیبوڈی,with
چھپاتا,chupata
بیک,back
انگیز,magar
ائیر,year
ميچ,match
لیبر,labour
ہلکا,khuram
لینڈ,4ndshpland
رضوی,allrizvi
رنڈی,kory
ٹٔم,time
جیز,jazz
بزنس,busines
عدل,gudaljesani
منزلیں,jism
توجہ,cncrtrate
وون,von3
يٹٹراسٹٔو,attractive
لیکچر,lacture
یوکی,lucky
جاورنيي,journey
انکالاب,bhai
ایڈوانس,advance
تفصیل,detail
ادارے,daira
يونيورسٹي,university
بیلنس,balance
فرئینڈز,friends
یحییٰ,hainprince98bhai
جلتا,dhagabolajalta
اکامپل,example
زُبیر,zubair
وعدوں,vaadon
آئینے,aienay
گرام,gaya
اپشن,option
اینجلس,angelzz
انجیرننگ,engineering
ٹاورسٹ,tourist
رس,letilarke
ایڈمشن,admission
راولپنڈی,rwpisb
نؤومبير,november
پھیلائی,pelai
بندی,bhaio
کرینگے,karangyplz
پوزیشن,position
کرپشن,khatme
اسسسلم,slam
عظم,uzma
آیڈیا,idea
محترم,warahmatullahmuhtram
رخان,rehna
عظمہ,uzma
صوبہ,salme
چھٹیاں,chutiyan
گِو,give
ٹاورنامنٹ,tournament
اومان,romaan
کھولا,nikleq
سوچے,s0chay
عبرت,bara
آئینی,aini
رہوں,bikhar
پنشوں,pension
سائیں,bolasaien
پہنچے,punhchy
ہورہی,rahi
اویس,owaisshah89
ہزاروں,mashghalay
اِگزیمز,exam
مارننگ,morning
ایڈورڈ,edwward
اپسے,thanks
اکیس,amxamix
رین,never
کانیرو,kong
ڈاون,down
پاکٹ,tounkopocket
امتحاں,start
وِد,with
کھڑے,keerry
پین,0000funghazalpen
اسپيک,speak
آئندہ,ainda
سافٹوئر,software
ٹارچ,torch
کونیکشن,purchase
عشا,esha
سیلف,introduc
حماد,bhulobekan
فرشتہ,1farista
گاہے,diamondguyisay
ہاٹ,hottttmra
ایمرجنسی,cardiac
لیول,ailmranx
بلاگ,chemistryblog
ایگزام,exam
رینک,rank
آہ,gaiaaaa
ایٹرکشین,attraction
سبی,dostn
بولتا,b0lta
سِٹی,city
اينبيٹي,anxiety
عزل,tips
سَم,some
ایٹ,other
تحفے,gift
عظمیٰ,uzma
گڑھ,gadha
سروس,service
ایے,absar
مہمند,ajmalmmd
تعارف,intro
عون,sar0n
ؤور,over
اہنے,apne
انر,owner
عبداللہ,hadis
نچوڑ,loonphir
چھوڑیں,chorain
ڈھونڈتا,kodunta
عثمان,usman
اتارے,otaray
کامرس,c0merce
ٹاون,town
مشن,mohsin
اخیر,akeer
کتابیں,books
مہرہ,qaimchatmyra
کچہری,karn
شہری,gisherilandchopaal
یوٹوپیا,utopia
سائنس,science
حول,hall
الیہ,aps
یگزیمز,result
شش,sssshhh
سعودیہ,afghanistan
بیگ,lishbag
چھڑانے,chernay
گینگ,gang
الہ,chaheay
ئوريوني,everyone
عمر,umar
کالج,college
ریزرو,reserve
آکشن,section
دہلی,dali
ڈی,dmps
هُورّر,horror
اِنفو,info
ديرسڈے,thursday
ٹیپ,pinklovetip
اولاد,ulad
چھونے,choonay
کنکشن,connection
راکی,rocky
بہتے,bataye
نيٹيرال,natural
اونر,owner
سسر,sara
سوئمنگ,swimmingpool
اکپلوسون,explosion
ہندوستان,nahihar
ووٹ,vote
نئے,naye
پوتی,prinda
رزلٹ,result
میچ,match
ٹيم,pakistani
سمی,student
بوائے,pehleb0y
يٹٹورنيي,attorney
ئوننگ,evening
زائد,zaidsmart2
يونيٹڈ,united
عظمت,dahar
ہدایت,jahen
ایوننگ,evening
تکسی,taxes
آئیندہ,ainda
ڈھونڈو,dundo
میچز,matches
لکھی,successfully
اکزسٹ,exist
یپ,fever
اولین,3avilian
ایگذوربینٹ,love
دونگا,d0nga
برائی,bhihaar
ٹوجدر,together
ڈئولوپ,develop
ایبل,send
بھیجتے,bajtay
ایکسٹرا,extra
سپیسیلی,song
آمدید,warna
ایمان,eman
عارف,brothrsarif
مُسلمز,muslims
اتھر,amazing
حائل,childhood
یوزر,user
مئ,salam
پھیلا,paila
زخمی,zahkme
امکان,rahen
ڈکشنری1,dictionary
ودر,other
قافلہ,muskurata
اگلے,chup
داون,down
ناردرن,nrthrn
یونیورسٹی,univrsity
ابن,daod
وائرس,virus
اڈوانٹاج,advantage
مارنگ,morning
ارتھ,jagng
ہفتے,hame
فٔو,five
سئونٹي,seventy
میونسپل,muncipal
ہوگئے,h0gy
ائر,study
انوٹاشن,invitation
حسين,shaher
يونئورسي,universe
نٔٹ,night
اونچا,uncha
آکسیجن,oxygen
نیشنل,intrnational
سانگ,song
کیٹس,cats
لئے,liye
علاوه,elawa
ہینڈ,hand
لیکر,welcm
داوسانڈ,thousand
٢٢,sindh22
ایکو,ecosub
آئمہ,aimaa
فیشن,fashion
جنوب,mashriqmagribshumaljunoob
ن,mumkin
انوسینٹ,salam
اِنتڑو,intro
ياورسيلف,yourself
ایٹم,atom
٩,aswadsapnag9
بدتمیزی,batmeezi
اگینسٹ,islam
یوزڈ,against
جہنم,funlandjahanum
نائین,ninecutshahzad
پالیسیاں,policyion
بلو,chemistryblog
رد,earthridder
اوشن,ocean
اوراق,oraaq
یونِٹ,unit
داود,2davdaas
میلوں,giletmse
بورڈ,broadcast
اوور,loverr
لئیے,liye
چھوڑنے,chodney
اسپرٹيال,spiritual
ائی,die4pak
دیس,dob08
ہوگے,h0gae
ووٹي,vote
گنبد,hungumbad
بزی,busy
وڈیو,video
پکچر,picture
سئورال,several
اسپيسال,special
تل,maintum
ہوبا,sahar
تاجکستان,hindustan
چاہ,chaaaaaaaa
پیرنٹس,parents
حنیفہ,mzhab
ایکشن,section4
جیسمین,jasmine1
رجسٹر,registr
کيرڈ,card
سودائی,soadayidhoondta
عیاں,mein
انڈوں,ghonslay
میڈم,madam
سکسٹي,sixty
اکرم,bhoslyaman
سٹينگ,setting
قدموں,aankhe
اُن,sunsandil
ابھرے,obharay
لیب,udaslab
آسم,main
اونپوچھ,none
چھپانے,chupanay
سٹارسلام,salam
عمارت,faseelen
مینجر,manager
ذانگ,zong
گھاس,gusa
اجڈ,aged
بخشے,bakshay
اِسپیک,speak
عمال,lana
وائبریشن,follow
ایئر,year
اوٹکري,outcry
سشول,school
ڈیٹا,data
۱۰۰,k100
کٔم,come
کلمہ,kro1kalma
ڈیوڈ,davdaas
سنتے,asul
رئپلاۓ,reply
ننبر,number
سانپ,bichho
ايرتھ,earth
اوران,uraan
وسیع,upny
بھولا,bola
شہک,shaukat
تصویریں,tasveerainphir
عضو,ajao
اکپينسٔو,expensive
ایجوکیشن,education
آیات,murad
اونلاین,online
اوپن,open
اغوا,kidnap
ایوانے,dewaane
ہوم,hmpg
ہز,this
ماونٹين,mountain
ووڈ,void
لۓ,liye
عمرزئی,beauty
فائی,highfaihahahahaha
مٔٹ,might
سہتے,tamasha
ہیک,hack
اسپيڈ,speed
يونئورسٹي,university
مآءیند,mind
اُساما,usama
اسپلٹ,split
مجال,zaman
ایر,year
لٔور,liver
اوپر,upar
راک,rock
ائٹ,eight
ٹوٹتی,ti
ے,ye
آہستہ,ahista
فيس,face
ملوث,mulawis
۱۲۲,122
ياونگ,young
بستی,bus
پیپر,paper
ہٹ,hat
دھمکیاں,yardhamkian
حنک,thank
منگل,mangal
پؤئٹری,poetry
گر,gir
ٹوف,tough
بالکل,blkul
وصال,wisaal
پرفامنس,performance
انفارمیشن,infomation
يناؤ,enough
مکر,mukar
کناروں,kinare
غصے,gusa
جملہ,jumla
بد,badal
سئون,seven
تسلی,tasalli
اعظم,azam
خستہ,khasta
ادہ,ado
منہ,moun
کیدو,frndskidunya
اسپيس,space
زرارت,ziarat
ویز,nywayx
علی(رض,ra
کلام,kalaam
وائف,wife
حينجر,hunger
سلان,salman
راج,loveurajj
ہوئے,huy
مسلسل,musalsal
فرشتوں,thafarishton
حملہ,hamla
مسلّز,muscles
صحابہ,sahaba
فنی,funny
نہ,na
نشہ,nasha
تھکن,thakan
ايک,aik
٢٣,atif23
وسط,twist2q
تر,tara
هایپر,hyper
بچہ,bacha
مٹی,mitti
حکيم,hakeem
فاصلہ,faasla
فتح,fatah
نیچر,neture
ڈيٹ,date
مپرؤو,improve
سپیس,space
سمن,saman1
ابھی,abi
بکھر,bikhar
بن,ban
لیک,loverzlyke
سکندر,sikandar
فرح,farah
ہر,har
اررانجمنٹ,arrangement
نکلتے,nikalty
ٹاؤ,tough
رہنے,rehny
پروگرام,prng
قسمآی,kasam
شغل,shugal
صب,sub
یاب,kamyam
سأو,save
تحفہ,tohfa
آوارہ,awaraboyz
اسوقت,he
ہمّت,himmat
فیئر,fear
باےکرنے,bye
پرائویٹ,private
تیاریاں,tayarun
چھٹی,chutti
کلر,kiler
فل,ful
گيم,game
یوراج,loveurajj
کنٹرول,cntr0l
نائب,naib
سرنگ,sarang
یکسر,yaksar
فاینڈ,find
وجہ,waja
تیگ,tag
ڈرایئور,driver
سمجھتے,samjtay
موباءل,mobile
مائ,my
نمبرز,number
۴۰,40
بلند,buland
ٹیک,take
ٹراوسيرس,trousers
منکر,munkir
نقوی,nqvi
حق,huq
گريس,grace
دیجئے,dijiye
چھین,cheen
اینڈ,and
بڑے,bary
رپلاءی,reply
گلہ,gila
جوکز,jokes
ٹيگ,tag
حد,had
نيم,name
مسیج,msg
بندر,bandar
انوائٹ,invite
مکوڑے,makory
لگ,lag
دِل,dil
کرن,kiran
جڑ,jarr
بدن,badin
فریبڈ,friend
انڈودوال,individual
نمبرپر,number
جاب,jok
چلانا,chalna
ہیکر,shikaryr
بر,bar
سٹياشن,situation
سنسر,sincere
فجر,fajar
اپک,pak
ملکہ,malika1hahaha
سائے,saye
ٹم,timing
عینی6,sani
حابٹاشن,habitation
پھٹان,pathan
ذریعے,zariyhe
صائم,saim
دن,din
گھبرا,kbighbra
انوولو,involve
بليم,blame
اِن,in
ستمبر,sep
چہرہ,chehra
بیشک,be¤hak
مانسرہ,mansehra
مچھلی,machli
پاسز,pases
سندھ,farazsindhi
ڈینجر,danger
مجہمیں,me
کس,kis
گز,gaz
گَپ,gap
خواہشات,hainaurkhwahishat
پيٹشن,petition
پھنسا,phasa
بہنوں,behn0n
اکھاڑ,ukar
طریقہ,tariqa
مدت,mudat
الي,ali
شعروشاعری,shaairi
پھینک,pehnk
ہهو,hon
طرفہ,tarafa
پہنچا,ponch
کدر,kadar
ہنر,hunar
خين,khan
اساسن,assassin
وہ,wo
مائے,my
مسٹر,mr
اِس,is
بهئی,bhai
زہر,zehar
لوين,loan
مٹ,mit
یاسمین,yesmanhi
آیتٹڈ,attend
سوائے,siwae
بائے,bye
فو,itfun
بدلہ,badla
اباوٹ,about
مشورہ,mashwara
ببیز,babies
روکتا,rota
چھپے,chhupy
فاروقی,z¤firaq1
سوئیں,soin
کین,can
انوأٹ,invite
۱۶۰,160
رکھنے,rakhy
واپسی,wpsi
کنوليڈج,knowledge
مسےوز,misuse
ڈکٹر,doctor
پہر,pehar
سلیک,lvrslyk
دفن,dafan
ریکوۓسٹ,request
چیٹنگ,chating
شاوٹ,shout
ریپرسنتتیز,representative
اککساشن,accusation
نظر,nazar
امتحان,exam
حئون,heaven
پڑھائی,parhai
فنکشن,function
سیکشن,section4
پیور,pure
مسائل,masaail
شرمندہ,sharminda
ٹھوکروں,thkron
ڈیٹ,date
رہبر,rahbar
اعلان,ilan
چھوتی,chutti
مڑ,mur
شدت,shiddat
نبمر,number
ريس,race
پچھلی,pichli
پوٹرے,poetry
بلایا,haibulaya
سیو,save
رسک,rax
مزہ,mza
موو,move
يوز,use
صحن,sehan
کمینہ,kamina
عالیہ,alyia
خشیاں,terakhushian
علوی,alvi
عابد,abid
ملاحظہ,mulahiza
سبق,ise
صدیاں,sadayein
ہمسفر,humsafar
کھدائی,khudai
عنایت,si
حمزہ,hamza
کٹی,kitty
حم,him
گلابان,gulistan
مدينہ,madina
گھومنے,guhmne
پولائیٹ,polite
فلاور,flower
ڈان,don
حلال,halaal
پوچھتے,pochty
جناح,jinnah
بگذ,bugs
امریکا,usa
گرلز,girls
سٹیٹس,stats
موبائل,mobile
دسمبر,december
قدر,qadar
چھوڑنا,chorna
میسج,msg
پھنسانے,phasane
بائیک,bike
ڈراپ,drop
کلئور,clever
تهیت,tek
ارمانی,aw
کويسشن,question
ڈريسشن,direction
بورهتر,brother
دیک,dil
ابؤو,above
جم,jamhazaron
تمنا,tamana
کھیو,kahiyo
گرانڈمودر,grandmother
لیونگ,leavng
مسنگ,missing
ہوی,th
بلیم,blame
چینج,change
السلام,asalam
صدیق,siddique
ضامن,zaamin
پوچھنا,puchna
ڈھلنے,dhundley
کیڑے,gooshtkeere
سازو,chara§sazo
دائر,dair
جرگہ,jarga
کمنگ,upcoming
رمضان,rum
شیم,shame
ٹکڑا,tukara
پرائیویٹ,private
اسیر,espnstaraseer
گئے,gye
ارے,ary
نوے,nawway
مئی,may
پلٹ,palat
میسیج,msg
اسسے,use
جگہ,jaga
پہ,pe
اگست,august
کھلاؤں,kay
پردہ,parda
گزر,guzar
روتے,roye
ماوتھ,mouth
صف,saf
فتویٰ,ftawa
اہل,all
امسالو,ha
زار,bezaar
رائیٹ,rit
سيرٔور,server
جل,jal
ايذي,easy
وال,sanwal
یونی,uni
مریں,maray
فلک,falak
عقبہ,aqbanhi
ٹکڑے,tukry
گروانڈ,ground
حیان,shayan
شاپ,shop
آسٹریلیا,australiya
رومیٹک,romantic
لگاتا,lagta
زاد,zaat
ٹھاک,thaam
سُن,sun
مام,mom
راۓ,rai
حوالہ,hawala
دلک,dil
فلے,fly
ڈیوٹی,dute
ناؤ,now
لپ,ljp
جنھیں,gh„z†l£jinhain
گائز,guy
ٹریکس,tracks
مچ,match
لیبل,label
قحط,qehat
یہ,ye
ااچھے,ache
رجب,rajab
لکھے,leky
چیگ,change
زمہ,zama
یوح,yon
مدیحہ,madiha
آۓ,aye
سمول,small
نگر,nagaras
ظفر,zafar
چھپا,chupa
زہ,za
مءی,may
ڈیدیکیٹ,dedicated
ڈالنا,matdalnablkymasjid
جدھر,jidhar
بتائیں,bataen
ناٹ,nt
اانہ,enter
ایکسیپت,except
تہمت,tohmat
مانے,mainy
چھوڑ,chor
ستم,sitam
ھے,hy
شمس,haishams1
نظم,nazim
فائدہ,faida
کپتان,capton
میوذک,music
ہیپی,happy
حصہ,hissa
رحمت,ra
سنٹر,center
سٹک,lipstick
حمد,allhamdo
انسین,insane
جھلک,jhalak
نفرت,nafrat
باکس,box
متحد,muttahid
نئور,never
استعمال,istemal
گرانڈفادر,grandfather
بہن,behan
ایبیوز,abuse
بھٹی,aabhati
کمینے,kamina
کوٹہ,quota
ایرےا,area
فر,fir
ید,yad
چیٹ,chat
کرکٹ,cricket
اینجل,angel
میسجج,msg
ماں,maa
اچھلنا,uchalna
للہ,bismillah
عید,eid
پکڑا,pakda
گاڈ,god
سنائیں,sunaen
فوٹبول,football
امن,ma
مٹھائی,mathai
وت,wha
مدار,madaar
هاکي,hockey
چه,cherry
پن,pan
پڑھتے,pharta
پکڑ,pakar
بلے,baly
لیٹ,late
آرگؤ,argue
چوز,chose
صد,sad
خلل,khalal
لگاتے,lagaty
فرات,faraat
ایڈمن,admin
بسنے,basny
نہيں,ni
پکستی,pakistani
سوئے,soe
چھوٹ,chot
نیم,name
صم,sum
پوچھوں,pochon
نکل,nikal
جتایا,ehsaanjataya
حلوہ,halwa
رپلاے,reply
اينسوير,answer
شیطان,karnakemanshaitan
گڈ,good
سک,sak007
دکان,dukaan
جیتیں,jeetege4ndshpland
فرمائیں,frmaenge
فائر,fire
ايدر,either
لگن,logun
ہوئی,hui
لگنے,lagny
سم,sim
میل,male
روئے,roye
انجل,angel
نائس,nice
سکهر,sukkur
گم,gum
قطر,qatar
اذیت,azziyati
مہک,mahikm
شئیر,shear
پاساج,passage
هیو,have
انٹی,itni
فائدے,faiday
سیچرڈے,sat
پلس,starplus
وفائی,bewafai
سنے,sony
رپلائی,reply
پليس,place
بہانہ,bahana
سبکو,sub
روو,roopa
چھوڑے,chory
آرہے,oupar
فرینڈ,frnd
رائن,rain1
لگانے,lagny
لوؤر,lover
دہ,da
ترے,tery
حادثہ,sehma
گرہوں,jigar
تومجھے,tujhe
طہ,te
جد,sajid
ہوائیں,hawaen
ڈرل,darul
ہاؤس,house
بچانے,bachny
ایزی,easy
ہوجانے,hojaye
چھولے,cholay
ٹاءیم,time
فورجٹ,forget
عرشہ,hai
ماجِد,majid
قاءم,qaim
بلکل,bilkul
مؤو,move
پر,par
علامہ,allama
گۓ,gye
لکی,lucky
رسیو,receive
جس,jis
عاصمہ,asma
کدہ,kda
چھو,choo
حئٹ,height
نالائق,nalayaqlog
کمرھ,kamra
بجھ,nebujh
بردار,bro
نعمان,noman
ایکسپت,accept
فرمائی,farmai
گولڈ,ablegoldgood
جنگلوں,haijanglon
ٹوسٹ,2st
طرح,tarah
بانہوں,sub
مس,miss
عاشق,ashiq
محمد,muhammad
ابے,aby
اير,air
اجڑ,dilujjar
تائد,tag
آؤٹ,out
آہی,am
ہنِّی,honey
اپر,par
اولسو,also
دھڑک,dharhak
۱۰,10
فهد,fahad
ہیون,heav3n
مید,made
لعنت,laanat
مشررف,musharraf
گریڈ,grade
ڈیئر,dear
مت,mat
فرینک,frank
دتھ,death
پور,mirpur
ہفتہ,hafta
جنکا,jenake
رنز,rns
مذہب,mazhab
چھری,churi
فادر,father
مائی,my
پڑتے,party
فیکٹری,fctry
عامر,amir
خوشگوار,khusgowar
دعاؤں,duaon
ایریا,area
قوت,quvat
تسلسل,tasalsul
شخس,shaks
ڈي,die
زندہ,zinda
چينل,channels
کيٹ,cat
آئیں,aen
صائمہ,saima
تیا,the
عاصم,asim
لگائی,lagai
سیکسی,sxy
بٹ,but
انسے,say
نن,nan
لائف,life
سرِشام,sar
سؤم,some
ایج20,age
پیجیز,page
طلبہ,talba
ایٹیٹیوڈ,attitude
انز,ans
جتنی,hotajitni
سخن,sukhan
بلاک,block
پرہیز,perhaz
حسن,hassan
کپل,cup
ايوریون,hi
مولوی,molvi
شاولڈ,should
گراؤنڈ,ground
پرل,pal
محسن,mohsin
چیلنج,chalnge
اساسناشن,assassination
ایڈ,add
سنانے,sunany
پٹ,pat
فارورڈ,forward
جن,jin
جنازہ,jinaza
آجائیں,ajaen
اینی,any
شئے,shiye
نصرت,nastur
غضب,ghassb
زوال,zawaal
سٹار٠٠٧مجھ,sy
گءے,gai
خالہ,khalasugra9
ڈاوبل,double
عائیشہ,ayesha
کعبہ,kaaba
مخلوق,uskimakhlooq
پرندہ,parinda
لاءک,like
بےعزتی,baezati
بتاو,bato
چائنا,china
ہنسنے,hansny
جوں,jayun
کپ,wcup
فنش,finish
زهره,zahra
رائیڈر,rider
ایور,ever
سبب,sabab
فرنڈ,friend
صادر,sadder
ناشن,nation
کنارہ,kinara
مرہ,mera
بہتر,behtar
لہذا,lihaza
سمٹ,urhesimat
درجن,darjan
اسرائیل,israil
سکس,six
پیج,page
زمانہ,zamana
فائن,fine
ٹکے,tikke
لائن,line
بک,bookz
سرحد,sarhad
سنیے,sunaye
کویٹه,quetta
بھت,bohat
فٹ,fit
فیکس,fix
سٹ,sit
بیڈ,bad
انسانوں,ins0no
دان,sadan
مگر,magar
انسول,uncle
گوشت,ge3
ٹائم,time
پلیز,plz
ہسسی,hey
بواۓ,boy
سن,sun
ہپی,happy
قد,qad
پرنسز,princes
لائے,lain
دوائیں,duaen
تب,tab
اوٹ,out
غصہ,gusa
مدینہ,madina
بِن,bin
شیّر,share
جاوید,javed
ہم,hum
آئے,aaey
سٹايل,style
قدرت,qudrat
گُم,gum
معاف,maf
لڑکوں,larkiyon
چھڑنے,chrny
ہزارہ,hazaraloverz
بونے,boy
صدام,saddam
سیزن,season
بچھڑا,bichra
دھبہ,dhaba
ڈففکلٹ,difficult
تگ,tag
حج,hujjat
خشحالی,khushali
آفِس,office
سالہ,salya
ایش,ash
باۓی,by
کھلاڑی,khiladi
ددی,di
انوایٹ,invite
ستھرا,sms
سیم,same
لایءٹ,light
پوچھتی,pochti
شکریہ,shukariya
مای,my
روزنامہ,detailsroznama
ریز,rays
چھڑا,chura
پوچھنی,puchni
ٹي,tie
ینی,uni
لیزی,lazy
بیلا,sub
کوو,koi
بلینک,blank
ايس,rhe
زہریلی,zehrali
ہیئر,here
ھر,har
انڈکاشن,indication
ینگ,young
صحابه,sahaba
سریل,sariyal
پڑھانے,parhny
پوچھتا,pochta
بردر,bro
سلسلہ,silsila
لڑکے,larky
قطرے,qismat
خار,meinkhaar
مسج,msg
لائین,line
سائیلنٹ,silent
در,dar
وائس,voice
مینی,many
صلح,salah
کہيں,kahin
پنس,penis
صبر,sabar
مچل,machal
هےں,han
پت,pat
اینٹینا,intena
تلے,taly
گرو,netguru
طیبہ,tayaba
فیک,fake
ریکارڈ,record
هوتيں,hoi
غلاظت,galaazat
الیکشن,election
فرنيچر,furniture
مر,mar
چھوٹی,choti
شکوہ,shikwa
روئیں,royen
جگہوں,jagaon
مرکز,markaz
کائنات,kainat
مچھر,machar
پشاور,peshwar
کروڑ,lak
رلیکسس,relax
حبيب,habib
مائل,maail
هم,hum
منفرد,munfarid
حيمين,human
مدّت,muddat
لوو,love
بھلے,lobhaly
ٹاوچ,touch
رشتہ,rishta
رک,ruk
جھنگوی,jhangvi
تک,tak
سٹاپ,stop
کچی,chachi
ستر,sattar
ایک,ek
ہاؤ,how
لمٹ,limit
بواے,boy
گھوسٹ,theghostslam
رت,rut
ایج,age
ایجنڈا,ga
جبہ,jab
اڈوس,advice
خضر,khizar
ابيوز,abuse
میکس,mexi
جائے,jaye
نين,nine
تکے,takiye
گئی,gai
لايٹ,light
اکتیویت,activate
جاۓ,jae
محور,mehvar
سائلنٹ,silent
دھیان,dehan
چھوٹا,chota
فائرنگ,firing
گئیں,gae
لئو,leave
ڈائٹر,daughter
یں,me
اِسے,isy
گھی,ge
لڑ,lar
لا‍ءف,life
آئینہ,aaina
ہوۓ,hue
خم,urslfkhumari
بلوں,billo
سين,can
سسٹر,sister
قسم,qasam
اففففففففف,ya
حجر,hijar
گوار,khushgwar
مودر,mother
کفن,kafan
پپر,paper
جگہیں,jagay
سلسلے,silsily
فیس,face
ایوان,aivan
یک,yaq
چھپ,chup
پ,ap
ورنہ,warna
ہیری,cherryhazara
کوئ,koi
جيلاوذي,jealousy
گُد,god
غربت,gurbat
نسائی,nisai
دلاور,deliver
ھوئی,hoi
کم,kam
ڈبل,double
یمنی,yamani
لیو,lev
قطرہ,wasiqatra
انجم,and
اذ,is
فکرمند,fikarmand
دلاتے,dilaty
پرسز,princes
ميل,male
فائل,fail
یوز,use
سڈ,side
پڑ,par
پٹاخہ,pathaka
قضا,jaoqaza
قائم,qaem
نثار,geonisar
روانڈ,round
پہلو,pehlao
طلبگار,talabgaar
سنائے,sunae
کير,car
محنت,mehnat
کھلنے,khulny
تنہائی,tanhai
فريڈے,friday
ڈاکٹر,dr
حيٹ,hat
گيأڈ,guide
جیون,jevan
ایوری,every
سکو,sho
سولو,solve
لکن,lakin
ٹرأول,travel
پیکج,pakge
انجیل,angle
دربدر,badar
منتظر,muntazir
مرتبہ,martaba
کیوٹ,cute
الیکٹرانک,electronicmedia
مکمل,mukammal
مسکن,muskan
کدھر,kidhar
بھٹک,bhattak
هین,han
لبر,labour
لپٹ,lipat
گائیں,gain
گوورنمنٹ,govt
طارق,tarap
کيسٹي,caste
ڈاوبٹ,doubt
محب,mahubat
نئی,nai
ی,dil
طلحہ,talha
مقابلہ,mokabala
مقدر,muqadar
ڈرایونگ,driving
بہار,bahaar
گیئں,gayn
چارجر,charger
گیس,gas
مل,mil
ہمہ,huma
گارڈ,safeguard
زنگی,zindgi
گئ,gi
پوئیٹری,poetry
محسنیاد,mohsin
تحت,thasub
لي,lie
ایکٹو,active
ایڈریس,adres
مسسج,msg
الفت,sar
ٹاپک,topic
ہیم,hum
ل,ill
سرو,srve
فِٹ,fit
دوم,skydome
انلمیٹڈ,indian
للٹريٹ,illiterate
انسأڈ,inside
زم,zimka
فھيم,faheem
ابّا,abba
سجدہ,sujda
کونسٹرکشن,construction
عائشہ,ayesha
نائلہ,naila
اپريل,april
ههےے,hai
ائٹي,eighty
کولیج,college
پرست,parast
سیمی,sami
مسلمز,muslims
ویئر,whr
منگنی,magny
اپڈيٹ,update
ہاو,how
مراد,dilmurad
پڑھیں,pak££parhai
فنجر,finger
نظارہ,nazara
پیپرز,papers
ڈرائیور,drivr
وجه,wajah
شائد,shyd
پچھلے,pichle
دلے,dil
رب,rab
مميڈيٹيلي,immediately
کک,kick
نائن,nine
بسسٹ,basit
ٹیکس,taxes
ہائیٹ,that9
بھئ,bhai
بننے,banay
اين,an
بل,bal
دکھاتے,dukaty
پرکئیٹکل,practical
لٹ,lote
چمن,chaman
ایدمن,admin
جنّت,jannat
ایچ!آی!آی۲,kha
پرسنل,personal
بھولے,bohly
مجمه,majma
اِز,is
کبر,akbar
حر,nhihar
گندے,gandy
غیب,ghayab
سکتے,sakty
پاوگے,paaogy
کييوز,cause
بلیو,beliyo
بادشاہوں,badshaonki
سلٔور,silver
بدمعاش,badmash
فقط,faqat
سگنل,signal
تہے,thy
پنسل,pencil
شعر,sher
قاری,qadirbux
مائیں,maayen
ڈرنے,drnykabole
ذمہ,zama
چھ,che
عا,bat
شیک,shak
انسين,insane
معاملے,mamlay
پہن,pehan
فارحين,farhan
قائل,qail
گوز,goes
مسلم,muslim
پڑھاتی,parhte
پلين,plan
ٹراے,try
دوائی,dawai
میڈل,madel
الہَّا,allah
فن,skyfunsantoshdost
بچے,bachy
گھنٹہ,ghanta
فولّو,follow
پليڈج,pledge
منصور,msnoor
دلائل,dlail
میسسج,msg
فرقہ,farqaleet
علیشا,it
من,man
حسبیند,husband
چہ,che
ھم,hum
ايسی,isi
لٹل,little
لائٹ,light
کائی,koe
اللام,salam
پوءتڑی,poetry
مائینڈ,mind
بوائیز,boy
مریم,mariam
بچو,bhejobecho
جبر,jaber
وائز,voice
يه,ye
سینٹ,decentnaveed
طعنہ,taana
ٹل,tell
پيس,pace
ٹرے,try
دم,dam
دیول,devil
ريسئو,receive
سماج,smjh
بکا,sabika1
کئی,kai
نۓ,new
سنی,sunny
دِن,din
پوٹ,pvt
ڈوم,skydome
شاذ,shz
فيٹ,fat
اِم,im
همہ,hmm
سپر,super
لیڈ,skale
لقب,laqab
راجہ,ashraf
فرصت,fursat
کوئن,queen
دیکھی,hogaedekhi
سترہ,sitara
الجھے,ujlay
بوکز,box
لب,lab
باے,by
سائیلینٹ,silent
ٹیکسٹ,txt
موبیک,mobile
جگ,jug
لسن,listen
لہجہ,thalehja
نسان,nishan
اينڈ,and
فہد,fahad
ملوں,haimillo
تھکی,jaothaki
کاپی,cpy
گروپس,grps
اچھل,uchal
ڈر,dar
پتھر,pathar
اينجؤاے,enjoy
وغیرہ,wagera
قلم,heqalm
کیبل,cable
جسٹن,justin
سننے,sunne
ھنر,hunar
صفائی,safai
ٹیگ,tag
انفارمشن,information
کوارٹر,quater
بخیریت,ba
سائٹ,site
فين,fine
قربت,qurbat
تریکس,tracks
جذبہ,jazba
کوئی,koi
ماج,image
لوکڈ,locked
انٹينشن,intention
نیہں,nhi
لمحہ,lamha
پریزنٹیشن,presntatn
وورڈ,password
توبہ,tobakiya
لاہور,lhr
ماءی,my
پروائی,purwaai
پی,pk
حمزه,hamza
چھوا,chua
چھوڑا,chora
يساج,usage
نہی,nai
پنناسول,pinnacle
ورڈز,words
بھائیوں,bhaion
ستاتے,sataty
ایشیا,asia
لاۓ,laaay
حل,hal
کمبخت,kambakhatbahir
ارڈر,order
سمندر,samandar
مٔي,may
پس,pas
آوروں,hainauron
کہہ,keh
نقاب,naqaab
دهی,sindhi
بھائیو,bhaio
تاب,betab4u
مرہم,marham
بکش,bakhsh
وٹ,what
ايٹ,eat
بچھا,bicha
گیو,gave
پو,gepoetri
دعا,dua
کڑکٹ,cricket
جزیرے,jazery
وقوف,bywaqof
لائق,laaiq
قرینہ,qarina
جلن,jalan
شہ,haisheh
مہینے,month
چھوڑو,choro
کرييٹ,create
بلیک,black
۱۲۴اؤشا۸۹,124
هولو,hello
انسٹیٹوٹ,insitute
اسلم,asalam
تھینک,thank
کمپیوٹر,computer
نک,nick
بہت,bohat
اَبدُّلہا,nan
کیئر,tc
چیپٹر,chapter
پرنسپل,principal
بیر,tabeer
ورک,ntwrk
صبح,subah
مثال,misaal
تن,tan
بچھڑے,becharay
پچھلا,pichla
لدھیانوی,ludhyanvi
گیم,game
جہلم,jhelum
اان,un
ڈرائیو,drives
زو,z0o
حادث,hadees
میجِک,magic
ایڈٹ,edit
سراسر,sarasar
مغل,mughal
فاصِل,fasil
ااپنے,haapna
بلبل,bulbul2
ساءیلنٹ,silent
آصِف,asif
ستارہ,kisitara
نس,nice
فخر,fakhur
راونڈ,round
جب,jab
فروري,february
مانگو,ktm
بنانے,banany
ختم,khatam
دِدّ,did
بڑاہی,barhai
غزنوی,ghaznavi2
ہنکس,thanks
کزن,kazan
پھیرا,pehra
لارج,large
مطلق,mutaliq
بتائے,btaega
سنّت,sunnat
فلاح,saifullah77
رگ,rahger
چارہ,payachara
قصے,qissay
محرک,muharak
کاٹیکٹ,contact
اُس,us
کاز,bcz
جمعرات,jumerat
ذلت,zillat
کھیلتے,khaltay
نبوت,nabuwat
رہتیں,reheta
نه,na
جاذب,jaazib
رٹس,rates
ایکسپٹ,accept
الیاس,bakhairilyasshah
لن,lun
چھے,chaye
چينج,change
نائیٹ,night
چیت,chat
معاویہ,mavia
لائیں,line
ڈیز,c”des
گاٹ,got
یه,ye
پاۓ,paey
شاہد,shaid
دھکّا,dhaka
جائیں,jain
ایز,as
امّت,ummat
کنول,kanwal
کامل,skan
الٔو,alive
رہ,reh
میت,mayyat
مچھروں,machron
سوسائیٹی,societykoi
بسی,bassi
سٹایل,style
چندہ,chanda
زرہ,zara
لؤو,love
میوزک,music
سہ,seh
یز,is
ماے,my
رووز,roz
نمبر,number
محل,mahal
۵۰آپ,50
کٹ,cut
نائٹ,night
بتاؤں,baton
یل,aik
خزانے,khazaane
منگوا,mangva
کالر,killer
نُٹ,not
زے,zax
7,7
300,300
122,122
23,atif
42,42
14,14
9,9
اور,aur